Model,Class,Precision (%),Recall (%),F1 (%)
B0,N,98.1,95.9,97.0
B0,S,55.9,66.9,60.9
B0,V,87.1,86.0,86.6
B0,F,26.0,86.4,40.0
B0,Q,99.0,95.0,97.0
E1,N,98.63,97.22,97.92
E1,S,57.02,71.58,63.48
E1,V,92.01,93.02,92.51
E1,F,55.95,87.04,68.12
E1,Q,97.41,98.13,97.77
E2,N,99.16,93.55,96.27
E2,S,35.63,79.14,49.13
E2,V,86.87,95.03,90.77
E2,F,43.73,88.27,58.49
E2,Q,95.52,98.2,96.84
E3,N,98.56,98.61,98.58
E3,S,71.21,68.53,69.84
E3,V,93.77,94.61,94.19
E3,F,75.6,78.4,76.97
E3,Q,98.5,98.07,98.29
E4,N,98.27,98.53,98.4
E4,S,70.61,62.23,66.16
E4,V,91.8,92.06,91.93
E4,F,72.63,80.25,76.25
E4,Q,98.38,98.2,98.29
E5,N,99.08,99.17,99.13
E5,S,78.95,83.63,81.22
E5,V,96.89,94.54,95.7
E5,F,78.05,79.01,78.53
E5,Q,99.81,98.76,99.28
Final,N,98.74,99.62,99.18
Final,S,87.58,77.34,82.14
Final,V,98.05,93.78,95.87
Final,F,82.12,76.54,79.23
Final,Q,99.81,98.32,99.06
