original_filename,new_filename,folder,title,year,first_author
1-s2.0-S1746809423011473-main.pdf,2024_ElGhaish_EcgTransFormBidirectionalTransformerArrhythmia.pdf,04_architectures,ECGTransForm: Empowering adaptive ECG arrhythmia classification framework with bidirectional transformer,2024,ElGhaish
1-s2.0-S1746809423013174-main.pdf,2024_Alamatsaz_LightweightCnnLstmExplainable.pdf,01_xai,A lightweight hybrid CNN-LSTM explainable model for ECG-based arrhythmia detection,2024,Alamatsaz
2401.05434v1.pdf,2401.05434v1.pdf,_unsorted,ECGformer: Leveraging transformer for ECG heartbeat arrhythmia classification,,Akan
Deep_Learning-Based_ECG_Arrhythmia_Detection_System_A_Comparative_Study_of_CNN_RNN_and_LSTM_Architectures.pdf,2026_Pramkeaw_EcgArrhythmiaCnnRnnLstmComparison.pdf,04_architectures,"Deep Learning-Based ECG Arrhythmia Detection System: A Comparative Study of CNN, RNN, and LSTM Architectures",2026,Pramkeaw
fmed-12-1600855.pdf,2025_Ikram_TransformerEcgClassificationEarlyDetection.pdf,04_architectures,Transformer-based ECG classification for early detection of cardiac arrhythmias,2025,Ikram
mathematics-11-00562-v2.pdf,2023_Ahmed_ClassifyingArrhythmia1dCnn.pdf,04_architectures,Classifying Cardiac Arrhythmia from ECG Signal Using 1D CNN Deep Learning Model,2023,Ahmed
s41598-025-28023-4.pdf,2025_Liu_HybridCnnBertArrhythmiaClassification.pdf,04_architectures,A hybrid model combining 1D-CNN and BERT for intelligent ECG arrhythmia classification,2025,Liu
s41598-025-92582-9.pdf,2025_Kim_HybridCnnTransformerStockwellArrhythmia.pdf,04_architectures,A novel hybrid CNN-transformer model for arrhythmia detection without R-peak identification using stockwell transform,2025,Kim
s43926-025-00131-7.pdf,2026_Wang_HybridCnnLstmIomtArrhythmia.pdf,04_architectures,Hybrid CNN-LSTM model for ECG-based arrhythmia detection in internet of medical things,2026,Wang
ts_41.04_16.pdf,2024_Mallikarjunamallu_ArrhythmiaNoiseFiltering1dCnn.pdf,06_robustness,Arrhythmia Classification Using Noise Filtering and 1D CNN,2024,Mallikarjunamallu
2506.06342v1.pdf,2025_Ashhad_UncertaintyAwareMultiViewArrhythmiaClassification.pdf,06_robustness,Uncertainty-Aware Multi-view Arrhythmia Classification from ECG,2025,Ashhad
Adaptive_Predictive_Control-Based_Noise_Cancellation_With_Deep_Learning_for_Arrhythmia_Classification_from_ECG_Signals.pdf,2022_Pashikanti_AdaptiveNoiseCancellationDeepLearningArrhythmia.pdf,06_robustness,Adaptive Predictive Control-Based Noise Cancellation With Deep Learning for Arrhythmia Classification from ECG Signals,2022,Pashikanti
s00521-023-09267-5.pdf,2024_Zhang_ArrhythmiaRejectionUncertaintyEstimation.pdf,06_robustness,Cardiac arrhythmia classification with rejection of ECG recordings based on uncertainty estimation from deep neural networks,2024,Zhang
s41598-026-58850-y.pdf,2026_Huang_MscaTnetEcgArrhythmiaClassification.pdf,06_robustness,MSCA-TNet based deep learning method for ECG arrhythmia classification,2026,Huang
s44163-025-00292-y.pdf,2025_Maurya_MultichannelEcgNoiseReduction.pdf,06_robustness,A proposed deep learning model for multichannel ECG noise reduction,2025,Maurya
1-s2.0-S1746809422001069-main.pdf,2022_Anand_ExplainableAiDecisionModelEcg.pdf,05_ptbxl,Explainable AI decision model for ECG data of cardiac disorders,2022,Anand
2603.07558v1.pdf,2026_Mehdi_EcgPtbxlDataCentricCnnVae.pdf,05_ptbxl,ECG Classification on PTB-XL: A Data-Centric Approach with Simplified CNN-VAE,2026,Mehdi
entropy-23-01121-v2.pdf,2021_Smigiel_EcgClassificationDeepLearningPtbxl.pdf,05_ptbxl,ECG Signal Classification Using Deep Learning Techniques Based on the PTB-XL Dataset,2021,Smigiel
s41598-025-08080-5.pdf,2025_Jang_GenerativeCounterfactualXaiEcg.pdf,05_ptbxl,A novel XAI framework for explainable AI-ECG using generative counterfactual XAI (GCX),2025,Jang
1-s2.0-S2590188520300123-main.pdf,2020_Ebrahimi_ReviewDeepLearningEcgArrhythmia.pdf,02_reviews,A review on deep learning methods for ECG arrhythmia classification,2020,Ebrahimi
2503.07276v1.pdf,2025_Silva_SystematicReviewEcgArrhythmiaStandards.pdf,02_reviews,"A Systematic Review of ECG Arrhythmia Classification: Adherence to Standards, Fair Evaluation, and Embedded Feasibility",2025,Silva
applsci-13-04964-with-cover.pdf,2023_Xiao_DeepLearningEcgArrhythmiaSystematicReview.pdf,02_reviews,Deep Learning-Based ECG Arrhythmia Classification: A Systematic Review,2023,Xiao
fphys-14-1246746.pdf,2023_Ansari_DeepLearningEcgArrhythmiaOverview.pdf,02_reviews,Deep learning for ECG Arrhythmia detection and classification: an overview of progress for period 2017-2023,2023,Ansari
s10791-026-10600-4.pdf,2026_Kulkarni_DeepLearningArrhythmiaEcgPpgReview.pdf,02_reviews,Recent advances in deep learning based arrhythmia classification using ECG and PPG signals: a systematic review,2026,Kulkarni
09_Manuscript+ID-NRFHH-2026-09-1710.pdf,2026_Asha_LightweightExplainableEcgKnowledgeDistilledGan.pdf,01_xai,"ECG Arrhythmia Classification a Lightweight, Explainable, and Web-Deployable Deep Learning Framework Using Knowledge-Distilled GAN Features and Flask",2026,Asha
1-s2.0-S1746809426001448-main.pdf,2026_Kavitha_ExplainableDeepLearningArrhythmiaClassification.pdf,01_xai,An explainable deep learning framework for accurate and automated cardiac arrhythmia classification using Electrocardiogram signals,2026,Kavitha
2508.17294v1.pdf,2025_Beck_XaiArrhythmiaDetectionElectrocardiograms.pdf,01_xai,Explainable AI (XAI) for Arrhythmia Detection from Electrocardiograms,2025,Beck
Design_of_an_Explainable_Deep_Learning_Framework_for_ECG-Based_Arrhythmia_Prediction.pdf,2025_Tenepalli_ExplainableDeepLearningEcgArrhythmiaPrediction.pdf,01_xai,Design of an Explainable Deep Learning Framework for ECG-Based Arrhythmia Prediction,2025,Tenepalli
s41598-025-22986-0.pdf,2025_Talukder_ExplainableTrustworthyArrhythmiaDetectionEcg.pdf,01_xai,An explainable deep learning framework for trustworthy arrhythmia detection from ECG signals,2025,Talukder
A-multi-scale-convolutional-LSTM-dense-network-for-rob_2025_Computers-in-Bio.pdf,2025_Reddy_MultiScaleConvLstmDenseArrhythmia.pdf,04_architectures,A multi-scale convolutional LSTM-dense network for robust cardiac arrhythmia classification from ECG signals,2025,Reddy
Automated-detection-of-arrhythmias-using-a-novel-interp_2025_Computers-in-Bi.pdf,2025_Kolliyil_InterpretableFeatureSet12LeadArrhythmia.pdf,01_xai,Automated detection of arrhythmias using a novel interpretable feature set extracted from 12-lead electrocardiogram,2025,Kolliyil
ECG-GraphNet--Advanced-arrhythmia-classification-based-on-gr_2025_Heart-Rhyt.pdf,2025_Lee_EcgGraphNetGraphConvolutionalArrhythmia.pdf,04_architectures,ECG-GraphNet: Advanced arrhythmia classification based on graph convolutional networks,2025,Lee
Intelligent-phishing-website-detection--A-CNN-SVM-appr_2025_Cyber-Security-a.pdf,Intelligent-phishing-website-detection--A-CNN-SVM-appr_2025_Cyber-Security-a.pdf,_unsorted,Intelligent phishing website detection: A CNN-SVM approach with nature-inspired hyperparameter tuning,2025,Birthriya
Large-Language-Model-assisted-multi-scale-hierarchical-_2025_Knowledge-Based.pdf,2025_Chen_LlmAssistedMultiScaleHierarchicalEcg.pdf,04_architectures,Large Language Model-assisted multi-scale hierarchical classification of ECG signals,2025,Chen
V-NET-VGG16--Hybrid-deep-learning-architecture-for-optimal_2025_Intelligence.pdf,V-NET-VGG16--Hybrid-deep-learning-architecture-for-optimal_2025_Intelligence.pdf,_unsorted,V-NET-VGG16: Hybrid deep learning architecture for optimal segmentation and classification of multi-differentiated liver tumors,2025,BenSlama
1-s2.0-S0957417426023183-main.pdf,2026_Hassoon_DualBranchBidirectionalAttentionEcgFusion.pdf,03_patient_independent,Dual-branch bidirectional attention fusion of temporal and hierarchical representations for robust ECG arrhythmia classification,2026,Hassoon
applsci-14-07227-v3.pdf,2024_Jeong_InterPatientArrhythmiaAdversarialBeatScoreMaps.pdf,03_patient_independent,Enhancing Inter-Patient Performance for Arrhythmia Classification with Adversarial Learning Using Beat-Score Maps,2024,Jeong
Qin_2026_Meas._Sci._Technol._37_285701.pdf,2026_Qin_EcgBeatDilatedResNetBiLstm.pdf,03_patient_independent,ECG beat classification based on dilated multi-scale ResNet and BiLSTM,2026,Qin
s41598-026-69883-8.pdf,2026_Ibrahim_HybridDeepLearningEcgHeartDisease.pdf,03_patient_independent,A hybrid deep learning algorithm for ECG-based heart disease classification,2026,Ibrahim
