paper_title,authors,journal_or_conference,year,type,dataset_used,method_or_model,xai_technique,train_test_split,key_results,findings,limitations,scope_of_future_work,page_refs
A lightweight hybrid CNN-LSTM explainable model for ECG-based arrhythmia detection,Negin Alamatsaz; Leyla Tabatabaei; Mohammadreza Yazdchi; Hamidreza Payan; Nima Alamatsaz; Fahimeh Nasimi,"Biomedical Signal Processing and Control, 90 (2024) 105884",2024,original,MIT-BIH Arrhythmia Database; Long-Term Atrial Fibrillation (LTAF) Database (PhysioNet); combined after resampling MIT-BIH to 128 Hz,"11-layer 1D-CNN + LSTM (3 Conv1D/MaxPool/Dropout blocks, LSTM 32 units, dense layers, softmax over 9 classes); median-filter baseline wander removal, normalization to [-1,1], 500-sample overlapping segments, class weights for imbalance",SHAP (Shapley values) per class on unseen test data,not stated (85% train / 15% test+validation split of segmented data; patient separation not described),Mean accuracy 98.24%; sensitivity 86.1%; specificity 97.5% over 9 rhythm classes; specificity >90% for all classes; sensitivity >80% for 6 rhythms; near-perfect AUC per class; inference 5.127 ms per rhythm on Raspberry Pi; model size 0.16 MB,"Lightweight CNN-LSTM classifies 8 arrhythmias plus normal rhythm with high accuracy and is small/fast enough for Holter-type devices; SHAP highlights (e.g., absent P waves, delta wave, wide QRS, discordant T wave, pacing spikes) agree with cardiologists' diagnostic criteria","Classification accuracy of some arrhythmias (poor identification/false negatives for AFIB, B and T) still needs improving; only two databases combined, more needed for reliable results; only 2-lead ECG used whereas 12-lead is clinical standard; many important arrhythmias and heart disorders not covered",Use RR intervals and QRS intervals as additional attributes; add rule-based algorithms alongside the model; combine more databases; handle standard 12-lead ECG; extend to more arrhythmia classes,"key_results: p.1, p.4-5 (Table 3), p.5 (inference/model size), p.8; limitations: p.4 (false negatives), p.9-10; split: p.3-4"
Explainable AI (XAI) for Arrhythmia Detection from Electrocardiograms,Joschka Beck; Arlene John,arXiv preprint arXiv:2508.17294v1 [cs.LG],2025,original,MIT-BIH Arrhythmia Database; 12-lead ECG dataset by Zheng et al. (merged via SNOMED CT codes),"1D CNN (3 Conv1D/MaxPool/Dropout blocks + dense layers; LSTM removed from base design for explainability); Pan-Tompkins R-peak segmentation into 0.6 s beats; classes with <2,000 samples excluded (6 classes: paced, APB, LBBB, RBBB, PVC, normal); survey of 5 clinical stakeholders on explanation format","SHAP explainers: Permutation SHAP, KernelSHAP, Gradient SHAP, DeepSHAP (DeepLIFT-based); saliency map vs counterfactual visualisation compared in clinician survey",not stated (80/20 train/validation split of beat samples; patient separation not described),"MIT-BIH: training accuracy 98.26%, validation accuracy 98.30% (macro F1 0.93, weighted F1 0.98; APB precision 0.52, F1 0.67); removing LSTM reduced performance ~1-2%; combined dataset: training accuracy 82.77%, validation accuracy 73.45% (macro F1 0.69); all 5 clinical stakeholders preferred saliency maps","Clinicians preferred saliency maps over counterfactuals; Gradient and Deep explainers gave smoother, more interpretable maps than Permutation and Kernel; explanations for paced beats, LBBB and RBBB aligned with clinical understanding, but APB and PVC explanations did not consistently; static CNNs on isolated beats lack inter-beat temporal context","Model trained on individual beats lacks temporal context (APB outlier); adding 12-lead dataset dropped performance by >20%, likely due to lead/measurement differences; explanations not consistent across samples within a class; post-hoc saliency maps cannot capture higher-level temporal dependencies; XAI-medical knowledge links not validated by trained medical professionals, so suggestive only; LSTM removed because it hampers the evaluated XAI methods","Temporal fusion architectures (especially attention-based) that integrate information across multiple time windows, are robust to irregular sampling/missing data/heterogeneous inputs, and provide intrinsic, memory-based, context-aware explanations","key_results: p.5-6 (Tables 2-3), p.5 (stakeholders); limitations: p.8-10; split: p.4"
Automated detection of arrhythmias using a novel interpretable feature set extracted from 12-lead electrocardiogram,Jibin Joy Kolliyil; Melissa C. Brindise,"Computers in Biology and Medicine, 189 (2025) 109957",2025,original,"Development: 2018 CPSC training set (6,877 12-lead records; 6,400 single-label used). External test: CPSC-extra, PTB-XL and Georgia G12EC (from 2020 PhysioNet/CinC), 1,072 records","Handcrafted interpretable features (654 features / 60 types: rhythm, morphology, time-frequency, misc; Fourier, wavelet, cross-correlation, DTW, SVD) + XGBoost classifier, 9 classes (NORM, AF, IAVB, LBBB, RBBB, PAC, PVC, STD, STE); denoising with median filter, Butterworth filters, CWT; SHAP-based feature selection to 159 features; compared with Chen et al. CNN and Lai et al. multi-stage DL model",SHAP values (feature selection; global and per-class/instance-specific feature importance),not stated (stratified 10-fold CV at record level on CPSC; independent external datasets for testing; patient separation not described),"10-fold CV: weighted accuracy 82%, precision 82%, recall 82%, F1 81%; macro F1 77%; MCC 0.78; AF F1 89%, block group F1 87%, STE F1 47%. External test: weighted precision 70%, recall 69%, F1 68%; MCC 0.64; mean AUC 92% (RBBB 0.97, PVC 0.87); external macro F1 0.65 vs 0.16 (Chen CNN) and 0.63 (Lai), i.e. 48% and 2% improvement (p<0.0001 and 0.0001); 4% lower than CNN model in cross-validation","Feature-based XGBoost achieves performance comparable to DL with better interpretability, training efficiency and adaptability to new data; generalizes better than benchmark DL models on external data; SHAP top features (e.g., HRV and RR volatility for AF, PR interval for IAVB, ST areas in lead 7 for RBBB) largely align with clinical criteria","Performance depends on effectiveness of extracted features; errors in denoising/morphology detection propagate; Lead 2 used as basis for morphology detection across all 12 leads; XGBoost designed for tabular data, may miss temporal dynamics; median-beat summaries lose waveform dependency information; class imbalance; reliance on accurate, consistent labels (inter-cardiologist variability); comparison constrained by lack of public implementation details; only single-label arrhythmias considered; features limited for PVC, STD, STE; ~16% lower performance on external data","Improve denoising and morphology detection, performed independently across all leads; expand feature set (discrete cosine transform, dynamic mode decomposition); train on multiple datasets; extend features to simultaneous (multi-label) arrhythmias","key_results: p.1, p.8-11 (Tables 3-5, Fig. 7); limitations: p.9-10, p.12-13 (Section 4.4); split: p.7-8"
An explainable deep learning framework for trustworthy arrhythmia detection from ECG signals,Md. Alamin Talukder; Amira Samy Talaat; Nusrat Jahan Muna; Ammar Alazab; Mohsin Kazi; Utpal Kanti Das,"Scientific Reports, 15:39496 (2025)",2025,original,"MIT-BIH Arrhythmia Database (MITDB); PTB Diagnostic ECG Database (PTBDB, resampled to 360 Hz); MIT-BIH Noise Stress Test Database (NSTDB)","1D CNN (2 Conv1D layers 128/64 filters + max-pooling, dropout, dense 32, sigmoid) and DNN (dense 128/64/32) for binary normal vs arrhythmia beat classification; 1 s R-peak-centred windows; Butterworth bandpass 0.5-45 Hz, 50 Hz notch, high-pass, Z-score; class balancing compared: ADASYN, SMOTE, SMOTETomek, ROS (best: ROS+CNN, 'RCX'); optimizer and GAN-vs-ROS ablations",SHAP; LIME; Feature Importance Analysis (FIA),not stated (evaluation on a held-out test set; split ratio and patient separation not described; balancing applied to training data),"ROS+CNN accuracy: MITDB 99.74% (precision 99.75%, TPR 99.73%, F1 99.74%, AUC 99.98%, MCC 99.48%); PTBDB 99.43% (precision 99.57%, F1 99.43%, AUC 99.98%, MCC 98.86%); NSTDB 99.98% (TPR 100%, F1 99.98%, AUC 100%); DNN on PTBDB ~96.15-96.81%; GAN+CNN on PTBDB 85.84% vs ROS+CNN 99.43%; Adam best optimizer (Adagrad CNN 80.28%); CNN training time 399.249 s on MITDB","ROS consistently the most effective balancing method, especially with CNN; CNN outperforms DNN, notably on PTBDB; SHAP/LIME/FIA highlight influential time-sample features (e.g., Time_33/34/35 on PTBDB, Time_365-369 on NSTDB); authors claim new benchmark accuracy versus listed state-of-the-art works, most of which lack XAI or balancing",Framework does not incorporate feature fusion strategies or transformer-based architectures; task restricted to binary normal vs arrhythmia (all arrhythmic types merged into one class),"Integrate feature fusion and transformer techniques for robustness and generalization; real-time deployment on edge devices for continuous monitoring; fuse multi-modal patient data (clinical records, imaging)","key_results: p.11-16 (Tables 4-6), p.24-26 (Tables 13-15); limitations: p.26 (Conclusion); binary label mapping: p.5, p.7; split: p.7, p.9"
Design of an Explainable Deep Learning Framework for ECG-Based Arrhythmia Prediction,Deepika Tenepalli; T. M. Navamani,"IEEE Access (DOI 10.1109/ACCESS.2025.3636481), Vol. 13, 2025, pp. 200754-",2025,original,"MIT-BIH Arrhythmia Database (Lead II); 112,559 beat images (105,430 non-PVC, 7,129 PVC)","ECG-CNNTX: beats (250 samples, ~0.7 s, around R-peak) bandpass-filtered 0.5-40 Hz, median-centred normalized, plotted as 224x224 RGB waveform images; frozen ImageNet-pretrained EfficientNetB0 + single-layer 2-head Transformer self-attention block + dense sigmoid head; binary PVC vs non-PVC; Keras Tuner random search; conservative zoom/shift augmentation",Grad-CAM (penultimate/final EfficientNetB0 conv layer); attention weight heat maps,"not stated (80/20 random split of beat images, 90,047 train / 22,512 test, random_state=42; patient separation not described)","~99% test accuracy for PVC vs non-PVC; ROC AUC ~0.997; ImageNet pretraining 99% vs random initialization 95.12%; best tuning trial (Trial 3) training loss 1.0368, training accuracy 95.77%; per-metric values in Tables 3-7 not recoverable from text extraction",Converting ECG beats to waveform images allows pretrained vision models; hybrid CNN-Transformer outperforms standalone EfficientNetB0 or Transformer (ablation); conservative geometric augmentation reduced overfitting; Grad-CAM heatmaps consistently highlight QRS complexes/R-peaks and atypical depolarization regions linked to PVC morphology; residual errors mostly borderline or noise-distorted low-amplitude PVC beats,"Trained and evaluated only on MIT-BIH, so generalizability across populations/hardware cannot be assured; assumes reasonably clean input, not tested under heavy noise, motion artifacts or missing beats; binary PVC vs non-PVC only; real-time edge deployment needs further pruning/quantization; single-lead only","Cross-dataset validation (PTB-XL, INCART, AFDB, hospital ECGs); multi-lead ECG; multi-class arrhythmia detection (AF, BBB, SVT); model compression (pruning, quantization, knowledge distillation) and TensorFlow Lite/ONNX deployment on wearables; denoising and uncertainty assessment; attention rollout, SHAP, LIME; add temporal context (patient history, HRV)","key_results: p.1, p.9-12 (Tables 3-7, Figs. 4-5), p.13; limitations: p.13; future work: p.13-14; split: p.6. Page numbers are PDF pages (printed pages 200754-200767)"
"ECG Arrhythmia Classification a Lightweight, Explainable, and Web-Deployable Deep Learning Framework Using Knowledge-Distilled GAN Features and Flask",Asha V; Kavitha P; Sri Gokulam R; Ciyamala Kushbu S; Jayashree M; Gayathri N,"Natural Resources for Human Health (NRFHH), 2026, Vol. 6 (14s): 289-296",2026,original (conceptual/proposed framework; paper states it is not yet implemented),"Proposed/planned only: MIT-BIH Arrhythmia Database (AAMI N,S,V,F,Q) and PTB-XL 12-lead (Normal, MI, STTC, CD, HYP)","DL-ECG Net: two-stage pipeline; offline cycle-consistent GAN classifier (two generators, two discriminators, CNN head) for minority-class augmentation, then response-based knowledge distillation (temperature-scaled soft labels, KL + cross-entropy loss) into a lightweight CNN deployed in a Flask web app; preprocessing: 50/60 Hz notch, DWT denoising, R-peak beat segmentation, RR/QRS/QT/ST/HRV descriptors, [-1,1] normalization, SMOTE + class-weighted loss on training partition",SHAP (computed offline on the GAN classifier); no SHAP results shown,inter-patient (planned: MIT-BIH DS1/DS2 protocol so no patient appears in both training and test); PTB-XL stratified by diagnostic class,"not stated (no experimental results; the paper says reported values are projected performance targets to be validated in future). Illustrative target values only: GAN classifier 5.0 M params, 2.1 GFLOPs, 21.4 MB, 186 ms CPU latency vs DL-ECG Net 0.31 M params, 0.09 GFLOPs, 1.6 MB, 11 ms; expected accuracy gap of ~1-2 percentage points",Proposes decoupling training-time accuracy (heavy GAN) from deployment-time cost (distilled CNN) for real-time web-based inference; argues GAN-based ECG classifiers are too heavy for latency-sensitive deployment,"Framework is conceptual and requires implementation, training and experimental validation; generalization claim across datasets remains to be confirmed. [Reviewer note, not stated by authors: results tables contain template/placeholder content (Table 2 labelled 'Comparison of the mean-field predictions' with unrelated values, 'Lorem SHAP' text), so no numbers are usable]","Implement and evaluate on MIT-BIH and PTB-XL; integrate into Flask application; lightweight explainability, model compression, federated learning, testing with wearable ECG","key_results: p.5-7 (Tables 1-3; 'projected performance targets' stated p.5); limitations: p.3, p.5, p.7 (Conclusion); split: p.3, p.5. Page numbers are PDF pages (printed pp. 289-296)"
An explainable deep learning framework for accurate and automated cardiac arrhythmia classification using Electrocardiogram signals,P. Kavitha; L. Shakkeera,"Biomedical Signal Processing and Control, 117 (2026) 109590",2026,original,"MIT-BIH Arrhythmia; MIT-BIH Supraventricular Arrhythmia; 12-lead ECG dataset (Konkuk University Hospital, 13,241 tests); PTB-XL; external tests on Shaoxing & Ningbo Hospital and INCART 12-lead","Cycle-CMCHA-GAN: cycle-consistent GAN (momentum-augmented encoder-decoder generators, dual PatchGAN-style discriminators per domain) with CNN classification head; hyperparameter optimization via hybrid Artificial Afterimage + Colour Harmony algorithm; preprocessing: 50/60 Hz notch, DWT denoising, R-peak beat segmentation, temporal features (RR, QRS, QT, ST, regularity); SMOTE + class-weighted loss; amplitude scaling/noise/time-warp augmentation","SHAP (feature importance of ECG features such as QRS complex, RR interval, ST segment, T-wave)","inter-patient (MIT-BIH DS1/DS2 protocol: DS11 train, DS12 validation, DS2 test); other datasets: train/test splits labelled 'patient-level' (Tables 11, 14, 17); 5-fold cross-validation also reported","Accuracy: MIT-BIH 99.87%, MIT-BIH Supraventricular 99.88%, 12-lead 99.88%, PTB-XL 99.88%; external Shaoxing & Ningbo 98.78%, INCART 98.67%; 5-fold CV accuracy 99.58 +/- 0.08%; MIT-BIH class-wise F1: Normal 98.8, Ventricular 88.3, Supraventricular 91.9, Fusion 83.8, Unknown 77.6; 5.0 M params, 2.1 GFLOPs, 99.93% accuracy (Table 20); paired t-test vs CNN-LSTM p<0.0001; ablation: without denoising 95%, without momentum generator 97%; Table 19 mean accuracy 97%, specificity 98.7%, entropy 0.71","Proposed GAN-based framework reported to outperform compared methods (ACoBi-LSTM, AlexNet, CNN-BiLSTM, BiLSTM, FFT+CNN+LSTM, MVKT, SRB-GCAB, etc.) on all four datasets; SHAP identifies QRS complex (0.350) and RR interval (0.290) as top MIT-BIH features, ST-segment (0.360) top for PTB-XL, P-wave morphology (0.330) top for supraventricular dataset; every module contributes in ablation","Lack of clinical and multicenter validation, limiting assessment of robustness across patient populations and acquisition conditions; real-world applicability not validated; more experimental testing needed. [Reviewer note, not stated by authors: overall accuracy (99.87%) is hard to reconcile with reported class-wise F1 of 77.6-88.3% for minority classes and Table 19 mean accuracy of 97%; Data availability statement says 'No data was used']","Secure federated learning across institutions; edge-based deployment for wearables/IoT real-time monitoring; integration of multimodal physiological signals (PPG, heart sounds, respiration) for rare/complex arrhythmias and patient-specific classification","key_results: p.1, p.6 (Table 7), p.9-15 (Tables 13-25, esp. Tables 20-22, 24-25); limitations: p.14-15 (Section 4.14, Conclusion); split: p.4 (Table 2), p.7-11 (Tables 9, 11, 14, 17)"
A review on deep learning methods for ECG arrhythmia classification,Zahra Ebrahimi; Mohammad Loni; Masoud Daneshtalab; Arash Gharehbaghi,"Expert Systems with Applications: X, 7 (2020) 100033",2020,review,"Review (no own experiments); catalogues databases used by reviewed studies: PhysioNet/CinC Challenge, MIT-BIH Arrhythmia (MITDB), PTB, SVDB, ECG-ID, MIT-BIH AF, CUDB, VFDB, UCI arrhythmia, LTSTDB, INCART, Fantasia, MIT-BIH NSR, etc.","Topical literature survey of DL-based ECG arrhythmia classification published 2017-2018 (PubMed and Google Scholar; keywords DL/DNN/CNN/DBN/RNN/LSTM/GRU + ECG); 77 publications found, 2 excluded (noise removal), 75 analysed (5 surveys); categorized by DL model (MLP, CNN, DBN, RNN, LSTM, GRU), by role (feature extraction / classification / both) and by arrhythmia",not stated,"not stated (review; individual reviewed studies mention patient-specific paradigms, e.g., Liu et al. 2018, Zhang et al. 2017)","CNN used for feature extraction in 52% of studies; AF and SVEB/VEB the most considered arrhythmias (48% and 21%); best reported accuracies: AF 100% (GRU/LSTM, Sujadevi et al.), SVEB 99.8% (CNN), VEB 99.7% (LSTM); e.g., Sannino & De Pietro MLP 99.09% test accuracy; Liu et al. MFB-CNN MI detection 99.95% class-based vs 98.79% patient-specific; Faust et al. LSTM AF 98.51% (10-fold CV) and 99.77% (blindfold)","CNN is the dominant and most effective DL method; dynamic classifiers able to learn both short- and long-term signal content (e.g., LSTM) suit beat-level and rhythm-level variations; DL as a feature extractor alone did not give excellent results for abnormal-beat detection; computational complexity summarized (CNN high, MLP/RNN/LSTM medium, DBN/GRU low)","Limitations of DL methods identified: overfitting on small datasets; tendency to learn noise/peculiarities of ECG; computationally intensive with large memory footprint, hard to deploy on low-power wearables; vanishing gradients in deep models; effective only for a limited number of classes (~6); patient physical state (age, gender, lifestyle) excluded. Review scope limited to studies from 2017-2018",Dynamic classification methods able to learn short- and long-term signal content efficiently; CNN-based methods expected to remain among the most efficient tools; deep time-growing neural networks not yet studied for ECG,"key_results: p.1 (abstract), p.8-9 (Section 8), p.9-10 (Section 9.2, Fig. 10); limitations: p.10 (Section 9.5); methodology: p.7"
Deep learning for ECG Arrhythmia detection and classification: an overview of progress for period 2017-2023,Yaqoob Ansari; Omar Mourad; Khalid Qaraqe; Erchin Serpedin,"Frontiers in Physiology, 14:1246746 (2023)",2023,review (systematic review),"Review (no own experiments); summarizes 17 databases: CUDB, NSTDB, INCARTDB, LTAFDB, MIT-BIH Arrhythmia, MIT-BIH AF, MIT-BIH NSR, MIT-BIH Malignant Ventricular Ectopy, SVDB, SCDDB, NSRDB, Georgia 12-lead, Apnea-ECG, PTB Diagnostic, European ST-T, PhysioNet/CinC 2017, CPSC 2018","Systematic review (Jan 2017-Jan 2023) of Google Scholar, PubMed, Scopus, DBLP; 4,215 studies identified, 2,492 unique, 78 included; inclusion required DL for arrhythmia classification with ECG and accuracy >= 96%; screened by two reviewers, validated by a third; reviews MLP, CNN, RNN, LSTM, GRU, DBN and Transformer models; proposes a 6-stage guideline pipeline",not stated (paper notes interpretability is overlooked and recommends interpretable DL models),not stated (review; guideline recommends k-fold cross-validation and INCART for generalization assessment),"78 papers included; Table 3: reviewed models' accuracies range 96.00-99.80% (e.g., Wang et al. 2019 GRNN 99.80% Acc, 99.40% Se, 99.90% Sp; Sannino & De Pietro 2018 DNN 99.68%); Table 4: F1-scores 95.30-99.99% (e.g., Sujadevi et al. GRU 99.99%, Xiang et al. 1D CNN 99.99%)",CNNs traditionally top DL models for ECG; hybrid models (CNN feature extractor followed by RNN/Transformer) perform better than shallow DL but increase computational complexity; transformers show promising early results; limitations of database size/diversity outweigh choice of algorithm; class imbalance with over-represented normal class is a major long-term challenge; MIT-BIH remains comparison baseline,"Review protocol not registered; formal risk of bias assessment not conducted; only studies with >=96% performance included (deliberately focuses on high-performing works); non-English and non-full-text studies excluded. Limitations of reviewed works: need for individually annotated beats, class imbalance, long feature extraction time, under-represented beat types, limited rich databases, training time cost, dependence on peak detection accuracy, small datasets","Interpretable DL models; integration with active and reinforcement learning; systematic architecture/hyperparameter optimization; strategies for many-class problems (attention, focal loss); personalized detection; balanced comprehensive datasets; denoising and augmentation; multimodal data fusion and real-time self-adapting models; ViT and MLP-Mixer hybrids; standardized evaluation pipeline (MIT-BIH standard metrics, INCART generalization, R-peak jitter robustness, k-fold CV)","key_results: p.3-4 (methods, Fig. 1), p.13-14 (Tables 3-4); limitations: p.3 (review protocol/risk of bias), p.14-15 (limitations of reviewed works); future work: p.15-17 (Discussion, Guideline)"
Deep Learning-Based ECG Arrhythmia Classification: A Systematic Review,Qiao Xiao; Khuan Lee; Siti Aisah Mokhtar; Iskasymar Ismail; Ahmad Luqman bin Md Pauzi; Qiuxia Zhang; Poh Ying Lim,"Applied Sciences (MDPI), 2023, 13, 4964",2023,review (systematic review),"Review (no own experiments); analyses databases used by reviewed studies: MITDB (223 studies), AFDB (26), PTB (24), PTB-XL (15), NSRDB (15), INCART (11), BIDMC, VFDB, Chapman, Fantasia, UCI, NSTDB, CUDB, AHA, CCDD, QT, European ST-T","Systematic review of Google Scholar, PubMed, Scopus, DBLP up to Dec 2022; 3,910 identified, 2,265 unique, 368 included (290 journal, 78 conference); two independent reviewers plus recheck; extracted database, preprocessing (denoising, augmentation), DL model, optimizer, number of classes, evaluation paradigm (intra vs inter-patient), metrics, code availability",not stated (review notes interpretability is generally not discussed in reviewed works),"not stated (review); compares intra-patient (319 studies) vs inter-patient (27 studies, plus 11 studying both); MITDB DS1/DS2 used by 82% (31/38) of inter-patient studies","61% (223/368) use MITDB; 38% (138) denoise; 28% (102) augment data; CNN 58.7% (216), hybrid 22.3% (82), RNN/LSTM/BiLSTM 9% (33); 5-class tasks 32% (118), binary 19% (73); inter-patient averages: Acc 92.62%, F1 79.48%, Sen 79.25%, Ppv 71.74%, Spe 95.26%; 11 studies with both paradigms: intra vs inter Acc 98.39% vs 90.15%, F1 95.52% vs 83.89%, Sen 93.51% vs 78.16%, Ppv 92.78% vs 62.82%, Spe 99.19% vs 93.86%; only ~6% (20/368) share code; 50% (184) do not report optimizer","Notable performance degradation under the inter-patient paradigm (F1, Sen, Ppv ~15% lower than intra-patient); overall accuracy is high (>95%) but F1, sensitivity and precision are significantly lower; CNN dominant but hybrid models increasing; synthetic augmentation (SMOTE, GAN) growing; inter-patient studies increasing over time; combining multiple databases is a growing trend","Authors note averaged cross-study metrics are biased/not directly comparable because tasks, datasets and class counts differ. Field limitations: MITDB collected ~40 years ago and imbalanced; differences across combined databases often ignored; many works skip denoising; DWT denoising is offline (not real-time); interpretability rarely addressed; inter-patient paradigm under-investigated","Leverage diverse ECG databases; advanced (ECG-specific, real-time) denoising and data augmentation (e.g., model-based synthetic ECG); novel/integrated DL models (ViT, MLP-Mixer); interpretable DL; active and reinforcement learning; systematic architecture/hyperparameter optimization; more classes; deeper investigation of the inter-patient paradigm","key_results: p.2 (abstract), p.6 (Table 2), p.9-10 (preprocessing), p.12-13 (models, classes), p.14-16 (Tables 3-4, inter vs intra averages), p.17 (code availability); limitations: p.16 (averages biased), p.18-20 (Discussion). PDF page numbers (PDF p.1 is a cover; printed page = PDF page - 1)"
"A Systematic Review of ECG Arrhythmia Classification: Adherence to Standards, Fair Evaluation, and Embedded Feasibility",Guilherme A. L. Silva; Pedro H. L. Silva; Gladston J. P. Moreira; Vander L. S. Freitas; Jadson C. Gertrudes; Eduardo J. S. Luz,arXiv preprint arXiv:2503.07276v1 [cs.CV],2025,review (systematic review),Review (no own experiments); focuses on MIT-BIH Arrhythmia Database (used by 96 of 122 reviewed articles) and AAMI EC57 classes; describes De Chazal DS1/DS2 split,"Systematic review of Web of Science (query 'ECG classification' OR 'arrhythmia detection', 2017-2024, impact factor >1, SCI-EXPANDED); 1,427 -> 927 -> 653 -> 621 papers; 122 included (100 most-cited incl. top-10 per 2022/2023/2024, plus 22 embedded-feasibility studies); assesses E3C criteria (AAMI compliance, inter-patient paradigm, MIT-BIH, embedded feasibility); reviews pruning, quantization, lightweight architectures, FPGA acceleration, on-device learning; citation network analysis","not stated (mentions Lead-wise Grad-CAM in one reviewed study, Le et al.)",inter-patient (review evaluates adherence to De Chazal inter-patient paradigm; 37/122 reviewed studies adhered),"Of 122 articles: 68 (55.7%) follow AAMI, 37 (30.3%) inter-patient, 96 (78.7%) use MIT-BIH, 38 (31.1%) consider embedded feasibility, only 5 (4.1%) meet E3C; among E3C studies Farag (matched-filter CNN) best: avg accuracy 96.48%/98.18%, SVEB Se 85.30%/81.60%, VEB Se 96.34%/95%, 15 KB, <1 ms inference on Raspberry Pi; Mao et al. 97.36% after on-chip learning (from 93.67%), 0.3 uJ/beat, 8 KB; Xing et al. SNN 92.07% inter-patient vs 98.26% with 70:30 split; Raj & Ray 86.89% (F and Q F1 4.08% and 0.94%); Yan et al. SNN 77 mW","Many high-accuracy studies use intra-patient evaluation, inflating metrics; studies not following the inter-patient paradigm remain the most influential in citations; only a minority account for hardware limits; SNNs used in 60% of E3C studies as promising for low-power; Farag identified as state-of-the-art among E3C-compliant methods, Mao the only one with on-chip learning; minority classes (S, V, F, Q) remain weak under inter-patient evaluation","Absence of standardized reporting across studies impedes direct comparison (several E3C studies lack class-specific or F/Q results); selection based on Web of Science citations and SCI-EXPANDED index only (conference papers, ESCI excluded); field gaps: non-adherence to AAMI, limited inter-patient adoption, insufficient embedded-feasibility research","Develop models meeting E3C balancing accuracy and low computational complexity; benchmarking frameworks aligned with AAMI; optimization via quantization, pruning, lightweight architectures, FPGA acceleration, on-chip learning; standardized reporting of Se, +P, accuracy and F1 for all five AAMI classes plus overall accuracy, memory, energy, model size and inference time","key_results: p.4 (Fig. 1 selection), p.11-12 (Section 6.1, Fig. 3), p.21-25 (Sections 6.3-6.4, Table 9 p.24); limitations: p.25-26 (Conclusions); split definition: p.7; reporting guideline: p.25"
Recent advances in deep learning based arrhythmia classification using ECG and PPG signals: a systematic review,Nitya N. Kulkarni; Nagaraja G. S.; B. G. Sudarshan; Yeriswamy M. C.,"Discover Computing, (2026) 29:666",2026,review (systematic review with meta-analysis),"Review (no own experiments); ECG datasets surveyed: MIT-BIH (78/119 studies), PTB/PTB-XL, CPSC 2018, INCART, PhysioNet 2017/2020/2021, Chapman-Shaoxing, CUDB, SVDB, AFDB; PPG datasets: MIMIC-III, CapnoBase, Liu et al., OpenPPG-Wrist, Simband, PhysioNet/CinC 2015","PRISMA 2020 systematic review (Jan 2023-Jun 2025) of IEEE Xplore, ScienceDirect, Springer, MDPI, Semantic Scholar (open-access, English); 2,745 records -> 119 included; multiclass classification only; two reviewers (Cohen's kappa 0.87 and 0.91); meta-analysis: random-effects pooling, WLS meta-regression, Pareto frontier, subgroup analysis, funnel plot/Egger's test; protocol retrospectively archived on OSF","not stated (review discusses Grad-CAM, SHAP, LIME, attention maps; fewer than 10% of studies validated explanation maps against clinically meaningful ECG structures)",not stated (review); reports only 28% of studies used inter-patient validation and 72% of beat-level MIT-BIH papers used intra-patient splits,"CNNs in 62% of works (accuracy 87.5-99.92%); pooled ECG accuracy 97.84% vs PPG 93.65% (mean difference 4.19%; 6.9% in multiclass F1 0.926 vs 0.857); attention/transformer meta-regression +0.845% vs 1D-CNN, hybrid CNN-RNN +0.574% (peak 99.92% DRGCN-BiLSTM, mean 99.14 +/- 0.78%); advanced filtering +0.94%, SMOTE +0.85%; external validation in only 18.5% (22/119) studies, with accuracy drop 8.7 +/- 2.1% (6-14%) and F1 drop 13.2 +/- 3.4% (8-18%); MIT-BIH intra-patient pooled 98.58% vs inter-patient 98.31% (I^2 ~100%); beat-level mean accuracy 98.12%; only 12% of works met specificity >98%; code released by 21.3% ECG / 28.6% PPG papers","Field reaching benchmark saturation on MIT-BIH; hybrid CNN-RNN judged most clinically translatable (Pareto-optimal at 0.5-1.5 M params); transformers most reliable but costly beyond ~1 M params/1 GFLOP knee point; lightweight CNNs lose 5-15 points minority-class F1; ~80% of PPG studies reuse ECG architectures; PPG mostly limited to binary AF; clinical translation barriers are regulatory (FDA SaMD, EU MDR, CDSCO), interpretability, real-time/energy constraints and system-level issues; fewer than 5% of studies address translation","Search limited to five databases and open-access English publications (selection bias); possible publication bias; gray literature and proprietary industrial solutions excluded; high heterogeneity (I^2 ~100%) precluded sensitivity/specificity meta-analyses; observational, no causal conclusions; no dedicated risk-of-bias framework (e.g., QUADAS-2/PROBAST) applied; 2023-2025 window excludes earlier foundations; conclusions on SSMs/foundation models preliminary. [Reviewer note, not stated by authors: Conclusion section repeats text on 2D signal transformation rather than summarizing findings; some p-values in the extracted text are rendered as garbled symbols]","State-space models (Mamba/ECGMamba) for long recordings; foundation models and self-supervised contrastive pretraining; federated and privacy-preserving learning; domain adaptation and multi-dataset external validation with inter-patient splits; unified beat- and rhythm-level frameworks; physiologically informed synthetic data; NAS, pruning, quantization, distillation for MCU deployment; motion-artifact-aware PPG with accelerometer input; ECG-PPG-PCG fusion; uncertainty quantification and adversarial robustness; prospective clinical validation; AI-specific reporting guidelines and living reviews","key_results: p.1 (abstract), p.17-19 (Tables 11-12), p.36-37 (complexity, RQ7), p.42-50 (meta-analysis, Figs. 9-17, Table 18); limitations: p.59-60 (Section 4.4); research gaps: p.50-55; future work: p.56-59 (Table 19)"
Enhancing Inter-Patient Performance for Arrhythmia Classification with Adversarial Learning Using Beat-Score Maps,Yeji Jeong; Jaewon Lee; Miyoung Shin,"Applied Sciences (MDPI), 2024, 14, 7227",2024,original,"MIT-BIH Arrhythmia Database (MLII lead; beat and rhythm annotations); Chapman-Shaoxing 12-lead ECG database (SPH; lead II, rhythm annotations, resampled to 360 Hz)","Patient-independent n-beat-score map (PI-BSM): DWT denoising (db4), 2.4 s segments to CWT scalograms; SE-ResNet beat classifier pre-trained with adversarial learning (total loss = lambda1*beat loss - lambda2*patient loss) to suppress patient-specific features; beat-score vectors (360 per 10 s signal) concatenated into a 2D map; SE-ResNet rhythm classifier on PI-BSMs (AFib/normal on MIT-BIH; AFib, GSVT, SB, SR on SPH)",not stated,inter-patient (MIT-BIH DS1/DS2 split by records: PI-BSMs from DS2 for training and DS1 for testing; SPH: 5-fold CV where all samples come from different patients; cross-database MIT-BIH beats -> SPH rhythms),"MIT-BIH (AFib vs normal): overall F1 85.7% vs 75.0% baseline n-BSM, accuracy 89.8% vs 83.2%; AFib F1 77.9% vs 61.0% (+27.7% reported improvement), normal F1 93.4% vs 89.0% (+4.94%); SPH cross-database with lambda2=0.075: average F1 87.36%, accuracy 88.73% (baseline 83.22% / 86.29%); AFib F1 78.37% vs 67.43% (+16.22% reported); abstract reports 14.27% F1 improvement on MIT-BIH and 4.97% on SPH; compared methods on SPH inter-patient: Zhang et al. 88.0% F1 (12 leads), Lee et al. 83.2%","Adversarial removal of patient-dependent features yields PI-BSMs whose patterns are more similar across patients with the same rhythm and more distinct between rhythms; largest gain for AFib, indicating strong inter-patient variability in AFib; lambda2 controls the trade-off between beat discrimination and patient invariance (too high blurs maps); single-lead approach outperformed several inter-patient methods","Room for improvement, especially in cross-database scenarios; for reliable real-world results additional processing such as domain adaptation may be needed when training the beat classifier; MIT-BIH experiment reduced to binary AFib vs normal to alleviate rhythm label imbalance; only 11 beat types common to DS1 and DS2 used; several SPH rhythms with limited data were merged/removed",Explore domain adaptation techniques for the beat classifier to improve PI-BSM rhythm classification across different databases,"key_results: p.1 (abstract), p.10-11 (Table 3, Fig. 6), p.12 (Table 5), p.14-15 (Table 6); limitations: p.9 (binary task, 11 beats), p.11-12 (SPH merging, Table 4), p.15 (Conclusions); split: p.9, p.11"
Dual-branch bidirectional attention fusion of temporal and hierarchical representations for robust ECG arrhythmia classification,Basheer A. Hassoon; Shengwu Xiong; Mushtaq A. Hasson; Ridwan Salahudeen; Aminu Onimisi Abdulsalami; Tauqeer Khan,"Expert Systems With Applications, 331 (2026) 133409",2026,original,"MIT-BIH Arrhythmia Database (MLII, AAMI N/S/V/F/Q); transfer targets: PTB Diagnostic (Lead II, normal/abnormal), INCART (Lead II), MIT-BIH Supraventricular (SVDB, ECG1); all resampled to 360 Hz","Dual-branch model: low-level multi-scale CNN (kernels 3/5/7) + squeeze-and-excitation + 2-layer BiLSTM with residual; high-level Capsule Network (primary/secondary/class capsules, dynamic routing R=5) with multi-head self-attention over class capsules; Adaptive Multi-head Bi-Directional Attention Fusion (AMBAF) with feature-wise gating; Enhanced Adaptive Margin Context Loss (EAMCL) with class-frequency-dependent margins (no oversampling); beat segmentation via R-peak thresholding, 0-1 normalization",Post-hoc branch contribution weights at the fusion stage (normalized mean absolute activations of each branch),"inter-patient (80% of subjects train/development, 20% of subjects test, no beats from the same patient in both; 20% of training portion as validation; 10-fold patient-level CV within training portion for stability only)","MIT-BIH test: accuracy, precision, recall and F1 99.55 +/- 0.06%; per-class F1: N 99.81%, S 95.37%, V 98.62%, F 90.06%, Q 99.84%; ablation: BiLSTM only 98.62%, Capsule only 98.49%, static-mean fusion 65.27%, concatenation 98.18%, bidirectional fusion 99.55%; transfer (fine-tune): INCART 99.33%, SVDB 98.04%, PTB 98.86% (linear probe 93.74%, 89.23%, 90.10%); EAMCL >2% F1 over baseline losses; 3.78 M params, 15.61 MB, 50.74 MFLOPs; AWGN: F1 32.46% at 5 dB, 25.46% at 0 dB; 95% Wilson CI fused accuracy [99.54, 99.70] on N=21,891 test beats; branch contributions 0.710 (BiLSTM) vs 0.290 (CapsNet)",Adaptive bidirectional cross-branch attention fusion outperforms either branch alone and static fusion; EAMCL improves minority-class separability without synthetic sampling; temporal dynamics contribute more strongly on average than hierarchical morphology; learned representations transfer across datasets with fine-tuning; complexity concentrated in the CapsNet branch,"Robustness under very low SNR is limited (fusion affected when one branch is unreliable); noise evaluation covers only AWGN, not baseline wander, EMG or motion artifacts; model not trained with noise-aware augmentation or denoising front-end; complexity higher than some counterparts (3.78 M params), suited to GPU platforms; PTB evaluated only as normal/abnormal; code not yet released (planned)","Noise-aware training (multi-SNR augmentation, curriculum noise); signal-quality-guided fusion; front-end denoising or robustness regularization; broader validation on additional datasets and acquisition settings; efficiency improvements (pruning, quantization, architecture refinement) for resource-constrained deployment","key_results: p.1 (abstract), p.9-10 (Tables 2-4), p.10-11 (Table 5), p.12 (Table 6), p.16 (Table 9, Fig. 13), p.17 (Table 10, CIs); limitations: p.17-18 (Conclusion); split: p.8 (Section 4.3)"
A hybrid deep learning algorithm for ECG-based heart disease classification,Sa. I. Ibrahim,"Scientific Reports, 16:29911 (2026)",2026,original,"MIT-BIH Arrhythmia Database (48 records; AAMI N, S, V, F, Q incl. paced beats mapped to Q)","Hybrid 1D-CNN (64 filters k=7, max-pool, 128 filters k=5) + BiLSTM (64 units) with softmax over 5 classes; conditional GAN augmentation of minority classes trained on training split only; focal loss (gamma=2.0, alpha=0.25 beat-wise / 0.5 patient-wise) plus class weights with 2.5x boost for S and F; Pan-Tompkins R-peak detection, 187-sample beats, Savitzky-Golay denoising, per-record z-score; compared with 1D-CNN, BiLSTM and hybrid without GAN",not stated,"both: intra-patient (beat-wise 70/30 random split) and inter-patient (patient-wise record-level split, 34 training records / 14 test records, plus 5-fold CV)","Beat-wise Hybrid+GAN: accuracy 99.00% (95% CI 98.90-99.08), macro F1 0.92 +/- 0.08, Fusion recall 73%, S recall 74%; patient-wise Hybrid+GAN: accuracy 91.69% (95% CI 91.41-91.99), macro F1 0.547 +/- 0.374, MCC 0.6760, S recall 0.209 (from 0.092), V recall 0.809 (from 0.777), F recall 0.021 (from 0.011); hybrid without GAN 90.68%; McNemar chi2 = 12.41, p = 0.0004 (patient-wise), chi2 = 8.27, p = 0.004 (beat-wise); 7.31% accuracy gap beat-wise vs patient-wise; 5-fold CV accuracy 0.919 +/- 0.004 (Hybrid+GAN) vs 0.909 +/- 0.004; GAN synthetic beats MMD 0.023-0.052, FID 12.4-35.3; training ~106 min","Beat-wise evaluation substantially overestimates clinical performance due to data leakage; GAN augmentation gives statistically significant but small patient-wise gains, with benefits for minority classes shrinking under patient-wise conditions; model is not clinically deployable, functioning mainly as a Normal-beat detector (Fusion miss rate 97.9%, Supraventricular 79.1%); patient-wise result comparable to Ran et al. (91.22%)","Record-level split may not equal true patient-level separation (some patients have multiple records); results based on a single patient-wise split; no external validation (PTB-XL etc.); very low Fusion and Supraventricular recall under patient-wise evaluation; GAN augmentation does not address patient-specific morphological variation of rare arrhythmias. [Reviewer note, not stated by authors: the paper lists two different record assignments for the patient-wise split (p.13 vs p.15), and paced records are included, so the split is not the standard AAMI DS1/DS2 protocol despite being described as standard]","Advanced augmentation (temporal warping, class-specific GANs) and collection of real Fusion data; multiple patient-wise splits/cross-validation; external multi-center validation (PTB-XL); expert cardiologist assessment of synthetic beat realism; patient-specific model adaptation","key_results: p.1 (abstract), p.14 (Tables 7-8), p.17 (Tables 9-11, McNemar), p.20-21 (Table 12, GAN validation), p.23 (Tables 13-15); limitations: p.25-26 (Limitations, Conclusion); split: p.13 (Tables 5-6, record lists), p.15"
ECG beat classification based on dilated multi-scale ResNet and BiLSTM,Shuguang Qin; Liming Han; Xin Zhang; Yanling Zhang; Ning Li,"Measurement Science and Technology, 37 (2026) 285701",2026,original,"MIT-BIH Arrhythmia Database (MLII; AAMI N, S, V, F); external test on St Petersburg INCART 12-lead Arrhythmia Database (lead II, 175,868 mapped beats)","CBiLSTM-ResNet: ResNet18 backbone with Inception-style multi-scale module of three parallel dilated 1D convolutions (kernels 3/5/7), BiLSTM for temporal dependency within each beat feature sequence, residual refinement, GAP + softmax; median-filter baseline removal, 8-level db5 wavelet denoising, 260-sample beats (99 before/160 after); SMOTE applied to training set only after splitting; cross-entropy, Adam",not stated,"inter-patient (record-level patient-wise split: 28 training / 9 validation / 11 test records, ~60/20/20, no record overlap; post-hoc 3-fold patient-wise CV; external INCART test without fine-tuning)","MIT-BIH held-out test accuracy 99.39% (ResNet 97.88%, M-ResNet 98.46%, BiLSTM-ResNet 99.00%); class-wise F1: N 99.72%, S 91.73%, V 96.70%, F 20.69% (only 4 F test beats); recall N 99.56%, S 95.31%, V 97.50%, F 75.00%; parameters 27.8 M vs 35.3 M for BiLSTM-ResNet (21.25% reduction); 3-fold CV accuracy 99.06 +/- 0.10%; INCART external accuracy 98.75% (recall N 98.97%, S 96.05%, V 96.17%, F 85.96%); db5 wavelet SNR 14.73 dB, R-wave retention 0.9619","Multi-scale module, BiLSTM and dilated convolution each improve accuracy in ablation; dilated convolution allows a more compact structure while enlarging receptive field; training-set SMOTE improves minority (especially S) recognition; model generalizes to INCART without fine-tuning; literature comparisons are reference-level only due to differing protocols","Validation limited to two public datasets, larger multi-center clinical validation needed; learned features are latent representations, not explicit clinical measurements; preprocessing and model selection not evaluated with fully nested cross-validation; F-class results unreliable (only four F beats in test set); comparison with literature not a controlled head-to-head benchmark",Multi-center clinical validation; more interpretable feature analysis; optimization for real-time wearable or bedside ECG monitoring devices,"key_results: p.2 (abstract), p.14 (Table 6), p.15-16 (Table 7-8), p.17 (Table 9), p.18 (Tables 10-12); limitations: p.14 (F-class caution), p.16 (comparison caveat), p.19 (Conclusion); split: p.8, p.10 (Table 2). PDF page numbers (PDF p.1 is a cover page; printed page = PDF page - 1)"
Classifying Cardiac Arrhythmia from ECG Signal Using 1D CNN Deep Learning Model,Adel A. Ahmed; Waleed Ali; Talal A. A. Abdullah; Sharaf J. Malebary,"Mathematics (MDPI), 2023, 11, 562",2023,original,"MIT-BIH Arrhythmia Database (lead II; 99,774 beats in 4 AAMI classes N, S, V, F; 24 unknown beats dropped)","1D-CNN with three convolution blocks (each two Conv1D layers, 128 filters, kernel 10, max-pooling, dropout 0.2, batch normalization), dense 512 + softmax over 4 classes; scaling, XQRS R-peak detection, 180-sample beats; class-weight technique for imbalance; Adam (lr 0.001, decay 1e-6), batch 512, 500 epochs",not stated,"not stated (random stratified beat-level split: 75% train+validation / 25% test, then 80/20 train/validation; patient separation not described)","Training accuracy 1.00, testing accuracy 0.99 (test loss 0.06); test macro-average precision 0.93, recall 0.94, F1 0.93; test per-class F1: N 1.00, S 0.92, V 0.98, F 0.85; AUC 1.00 (N, S, V) and 0.99 (F); comparison table: accuracy 0.99, recall 0.94, specificity 0.99 vs listed prior works (accuracy 0.88-0.99)",A compact 1D-CNN with tuned hyperparameters classifies four AAMI arrhythmia classes with high accuracy; Fusion class is the weakest; authors claim superior accuracy/specificity to listed traditional ML and DL works,"MIT-BIH class distribution highly imbalanced; even with class weights, imbalance still affects generalization; arrhythmias vary greatly between patients, so a larger dataset is needed to handle variability and generalize to new cases. [Reviewer note, not stated by authors: abstract mentions noise-attenuated signals but no explicit denoising step is described in the methods; random beat-level split may place beats of the same patient in train and test]",Train on a larger dataset to handle inter-patient variability and improve generalization to new cases,"key_results: p.1 (abstract), p.10-11 (Table 3, Figs. 5-7), p.12 (Table 4); limitations: p.13 (Conclusions); split: p.6 (Section 3.2.2), p.10"
ECGTransForm: Empowering adaptive ECG arrhythmia classification framework with bidirectional transformer,Hany El-Ghaish; Emadeldeen Eldele,"Biomedical Signal Processing and Control, 89 (2024) 105714",2024,original,"MIT-BIH Arrhythmia Database (5 classes N, S, V, F, Q; 87,554 training / 21,892 testing beats); PTB Diagnostic ECG Database (normal vs myocardial infarction; 11,636 / 2,909)","ECGTransForm: Multi-scale Convolutions (kernels 5, 9, 11, averaged) + convolution blocks; Channel Recalibration Module (squeeze-and-excitation style); Bidirectional Transformer (BiTrans: multi-head self-attention on feature map and its reversed copy, summed; 3 layers, 5 heads); single fully connected classifier; Context-Aware Loss (logarithmic class weights floored at 1); beat extraction per Kachuee et al. (10 s windows, 0-1 normalization, R-peak threshold 0.9, 1.2x RR segments, zero padding)",not stated (UMAP feature visualization only),not stated (80% train / 20% test with 20% of training for validation; patient separation not described; 3 random seeds),"MIT-BIH: accuracy 99.35 +/- 0.16%, macro F1 94.26 +/- 0.28%, macro precision 95.47%, recall 93.15%; per-class F1: N 99.41%, S 89.22%, V 96.69%, F 86.78%, Q 99.18%; PTB: macro precision 99.35%, recall 99.46%, F1 99.41%; ablation: plain CNN F1 88.1% -> +MSC 90.4% -> +CRM +0.9% -> BiTrans +2.35% (standard Transformer +0.15%); CAL S-class F1 89.22% vs oversampling 74.84% and balanced sampler 64.15%; CAL MF1 3.19% and 3.75% above weighted CE and focal loss","Bidirectional Transformer leveraging past and future context improves temporal feature learning over a standard Transformer; multi-scale convolutions and channel recalibration improve spatial features; Context-Aware Loss handles class imbalance better than SMOTE oversampling, balanced sampling, weighted CE and focal loss; outperforms listed baselines (e.g., Nurmaini et al. 99.34%, Kim et al. 99.20%); UMAP shows Q and V well separated, F and S overlap with N",Struggles with Fusion (F) and Supraventricular (S) classes due to their variable/ambiguous nature; computational complexity of the Bidirectional Transformer; generalization across diverse datasets needs strengthening,Classifiers that discern nuanced F and S differences; integrate additional features such as heart rate variability and P-wave characteristics; reduce Transformer complexity via pretrained modules; improve cross-dataset generalization via unsupervised domain adaptation,"key_results: p.7 (Tables 2-3), p.8 (Table 4, Figs. 5-6); limitations: p.9 (Section 6); split: p.6 (Table 1, Section 4.2)"
Large Language Model-assisted multi-scale hierarchical classification of ECG signals,Qianjiang Chen; Cheng Lian; Bingrong Xu; Quan Zhou; Yixin Su; Zhigang Zeng,"Knowledge-Based Systems, 324 (2025) 113807",2025,original,"PTB-XL (12-lead, 100 Hz; superclass 5, subclass 23, diagnostic 44 classes; 17,183 records with age/sex); SPH (Chapman-Shaoxing-Ningbo 12-lead; 2, 11, 42 classes; 18,842 10 s records)","Dual-branch hierarchical multi-task model: multi-scale Transformer branch (FFT-derived period lengths as multi-scale patch sizes; patient age/sex converted to text prompts encoded by frozen BERT and fused with patch embeddings; router mechanism with intra-scale and inter-scale self-attention) + multi-scale TCN branch (dilated causal convolutions, kernels 7/5/3); level outputs aggregated hierarchically (coarse -> medium -> fine) and fused by weighted sum (alpha = 0.2); weighted multi-task loss (0.6/0.3/0.1)",Grad-CAM used to visualize features of each branch; t-SNE visualization,"not stated (train/validation/test record split ~80/10/10, e.g., PTB-XL 13,746/1,718/1,719; patient separation not described)","PTB-XL: task_super AUC 91.30, F1 77.56, mAP 88.45, recall 83.22; task_sub AUC 88.02, F1 64.61, mAP 78.01, recall 70.03; task_diag AUC 85.05, F1 62.28, mAP 74.96, recall 66.76; SPH: task_super AUC 91.62, F1 86.40, mAP 92.68; task_sub AUC 93.45, F1 80.67; task_diag AUC 82.18, F1 75.09, mAP 84.80; best or near-best vs 23 CNN/RNN/Transformer baselines (e.g., TCN, InceptionTime, PatchTST); ablation: removing LLM, router or hierarchical structure lowers most metrics (e.g., PTB-XL task_sub F1 64.61 -> 58.80 without hierarchy); multi-task outperforms single-task variant on most metrics","Exploiting hierarchical disease structure and passing coarse-level information to finer levels improves classification; integrating static patient information (age, sex) via LLM prompts helps; FFT-based multi-scale patch lengths outperform power-of-two and single-scale patches; Transformer branch focuses on global and TCN branch on local information; simple original prompt better than hierarchical prompt",Simple weighted fusion of the two branches may not fully optimize performance; integrating prompt embeddings with multi-scale patch embeddings increases computational overhead; alternative fusion positions and prompt designs did not improve results; samples with missing age/sex excluded; smaller LLM (BERT) used due to limited compute (single RTX 2080 Ti),More advanced and efficient fusion strategies that reduce computational complexity while improving performance; larger LLMs if computing resources allow,"key_results: p.6 (Table 1), p.7 (Tables 2-3), p.8 (Table 4, Fig. 9), p.9-11 (Tables 5-8, Figs. 10-11); limitations: p.12 (Section 7), p.3-4 (BERT choice); split: p.6 (Table 1)"
Transformer-based ECG classification for early detection of cardiac arrhythmias,Sunnia Ikram; Amna Ikram; Harvinder Singh; Malik Daler Ali Awan; Sajid Naveed; Isabel De la Torre Diez; Henry Fabian Gongora; Thania Candelaria Chio Montero,"Frontiers in Medicine, 12:1600855 (2025)",2025,original,"MIT-BIH benchmark dataset (as stated in abstract; publicly available on Kaggle per ethics statement); 5 classes: Normal, APC, VPC/PVC, Fusion, Other (Normal ~18,000 samples, APC 560, VPC 1,400)","Transformer encoder (dense 64 projection, reshape, 1 transformer block with 4-head attention, embedding 64, FFN 64, layer norm, dropout 0.1, GAP, softmax) trained on PCA/correlation-selected and engineered features; normalization; label encoding; sparse categorical cross-entropy; class-weighted training and augmentation mentioned; t-SNE for visualization; trained 10 epochs",not stated (t-SNE visualization of features and decision boundaries only; authors state interpretability analysis is not performed),not stated (dataset 'divided into training and testing subsets'; ratio and patient separation not described),"Validation accuracy 97% after 10 epochs; with PCA accuracy 97.1% and AUC 0.96 vs without PCA 92.3% and 0.91; F1 0.95 (Table 5); per-class AUC: Normal 0.98, APC 0.94, VPC 1.00, Fusion 0.98, Other 1.00; confusion matrix: Normal 99.5% correct, Other >96%, VPC 86.7% (10.2% misclassified as normal), APC 33.1% and Fusion 43.8% misclassified as normal; best hyperparameters 4 heads, 128-dim embedding, dropout 0.2",Self-attention captures long-range temporal dependencies; PCA-based feature selection substantially improves accuracy; model performs strongly on majority classes but confuses APC and Fusion with Normal; comparisons with ECG-BERT (94.6%) and TST (95.3%) are indicative rather than conclusive due to differing protocols,"Dataset lacks diversity and is class-imbalanced, hurting minority classes (VPC); homogeneous data from a specific demographic and single device type limits generalizability; Transformer is computationally intensive for training and inference; interpretability remains limited (black box); PCA components not clinically interpretable; comparisons with prior studies constrained by differing datasets, preprocessing and metrics; inference latency and hardware deployment not evaluated. [Reviewer note, not stated by authors: normalization is described as min-max to 0-1 but the equation given is z-score; text claims near-perfect Fusion F1 and 100% APC recall while the confusion matrix reports 43.8% of Fusion and 33.1% of APC beats misclassified as Normal]","Address class imbalance (class-specific augmentation, oversampling, class-weighted loss); more diverse multi-source training data and external validation; multimodal learning with HRV, SpO2, blood pressure; lightweight Transformers, pruning and quantization for wearables; explainability (attention visualization, relevance mapping, lead-wise contribution, SHAP); threshold tuning and contrastive learning","key_results: p.8 (97% accuracy), p.10 (Table 4, AUCs), p.11 (confusion matrix), p.12-14 (Fig. 8, Table 5, Fig. 11); limitations: p.14-15 (Discussion, Section 8, Table 6); dataset/split: p.1 (abstract), p.3-4 (Sections 3.1-3.2), p.10 (Fig. 5), p.16 (ethics statement)"
A novel hybrid CNN-transformer model for arrhythmia detection without R-peak identification using stockwell transform,Donghyeon Kim; Kyoung Ryul Lee; Dong Seok Lim; Kwang Hyun Lee; Jong Seon Lee; Dae-Yeol Kim; Chae-Bong Sohn,"Scientific Reports, 15:7817 (2025)",2025,original,"MIT-BIH Arrhythmia Database (5 AAMI classes N, S, V, F, Q; SMOTE-augmented); Icentia11k (>11,000 patients, 4 classes N, S, V, Q)","No R-peak detection: 50 s windowing, 30 Hz low-pass, downsampling to 100 Hz, detrending, 10 s segments, IQR outlier removal, min-max normalization, Stockwell transform (0-15 Hz; real and imaginary parts as input); hybrid ResNeXt CNN with SE blocks and stochastic depth + 4-layer Transformer encoder (8 heads) with learnable 2D positional encoding, mean pooling and linear head; focal loss, RAdam (lr 3e-4), early stopping",Class Activation Maps (CAM) on S-transform time-frequency inputs; t-SNE embedding visualization,not stated (train/test partitioning and patient separation not described; SMOTE applied to MIT-BIH dataset),"Hybrid model accuracy: MIT-BIH 99.58% (5 classes), Icentia11k 97.80% (4 classes); MIT-BIH F1: N 0.9896, S 0.9970, V 0.9926, Q 1.0000, F 1.0000; Kappa/MCC 0.9948 (MIT-BIH), 0.9707 (Icentia11k); ablation: 1D CNN 31.73%/47.33%, 1D Transformer 67.26%/57.23%, 2D CNN 99.41%/96.19%, 2D Transformer 80.81%/60.81% (MIT-BIH/Icentia11k)","S-transform time-frequency representation gives a large performance gain over raw 1D input and removes the need for R-peak detection; combining CNN (local) and Transformer (global) outperforms either alone; detrending is the most impactful preprocessing step, LPF stabilizes phase; model surpasses listed prior methods and is evaluated on all MIT-BIH labels including Q and F","Reliance on two datasets limits generalizability; needs testing across more datasets and noise conditions; computational complexity of the S-transform challenges real-time analysis; datasets focus on common arrhythmias that are easier to diagnose; borderline signals (e.g., N misclassified as V) remain difficult","Test on more datasets and noise conditions; optimize speed for real-time clinical deployment; extend to complex arrhythmias such as atrial fibrillation and ventricular tachycardia; advanced preprocessing, data augmentation or decision mechanisms for borderline cases","key_results: p.1 (abstract), p.7 (Table 3), p.9 (Table 4, Results); limitations: p.8 (misclassified cases), p.9 (Results, Discussion); dataset/SMOTE: p.2-3 (Table 1)"
ECG-GraphNet: Advanced arrhythmia classification based on graph convolutional networks,Myeonghun Lee; Jiwoo Lim; JinKook Kim,"Heart Rhythm O2, 2025, Vol 6, No 8: 1199-1211",2025,original,"Private dataset: single-lead patch-type ECG from 328 patients (HUINNO device); 1,253 ten-second segments, 17,526 beats (N 75.0%, S 15.2%, V 10.4%); P-QRS-T onset/offset annotated by clinical technicians, reviewed by a cardiologist; IVCD/RBBB/LBBB segments excluded","ECG-GraphNet: graph representation with P, QRS and T segments as nodes (features: one-hot type, width, autoencoder waveform embeddings, distance features; QRS-QRS edges with sigmoid distance weights); graph convolution blocks (PQRST block, QRS-only graph block with RR-interval edges, Skip-PQRST block); QRS-centered weighted average pooling for beat-level classification; graph data augmentation for S and V; cross-entropy, Adam, early stopping",not stated,"inter-patient (5-fold grid-search cross-validation with inter-patient split, no patient overlap; separate patient-level training/test groups for scalability tests)","5-fold CV Macro F1 88.61% (accuracy 93.52%); excluding end beats Macro F1 89.37%; per-class F1: N 96.62%, S 84.16%, V 85.05%; graph augmentation raised Macro F1 85.00% -> 86.59% and V F1 77.94% -> 81.93%; distance features raised S F1 73.59% -> 81.00%; scalability: Pattern test Macro F1 85.21%, Size test 87.03%, Control test 88.40%; exact match accuracy 48.60% (Pattern), 49.83% (Size), 66.71% (Control)",Graph representation of P-QRS-T segments with embedded waveform and distance features captures morphological and temporal relationships; QRS-centered pooling preserves beat-specific information; model handles variable-length inputs and generalizes to unseen beat patterns and larger graphs; nodes at graph ends have low connectivity (connectivity bias),"Requires prior detection of onset and offset of each P-QRS-T segment before graph construction; performance highly dependent on how nodes and edges are defined; needs extensive experiments to tune graph hyperparameters; connectivity bias at graph ends; only 3 classes (N, S, V) and single-lead; bundle branch block segments excluded; private dataset; authors employed by device company with patent filed",End-to-end framework integrating segment detection and classification; uncertainty estimation in segment boundary detection; improved graph structure to address connectivity bias; multi-lead ECG analysis; improved interpretability for clinical applications,"key_results: p.1 (abstract), p.4 (Table 1), p.7 (Table 2), p.8 (Table 3), p.9 (Table 4); limitations: p.10 (Table 5, clinical applicability and limitations), p.11 (Conclusions); split: p.6 (Evaluation, scalability). PDF page numbers (printed pages 1199-1211)"
A hybrid model combining 1D-CNN and BERT for intelligent ECG arrhythmia classification,Hanqing Liu,"Scientific Reports, 15:44456 (2025)",2025,original,"MIT-BIH Arrhythmia Database (5 AAMI classes N, S, V, F, Q; also a 9-class experiment)","ECGBert: 1D-CNN local feature extractor (kernel 3, pooling 2, dropout) + BERT-style bidirectional Transformer encoder (4 layers, 4 heads in one description) with positional encoding and [CLS] token; cross-modal attention and gated fusion of CNN and BERT features; focal loss; Adam with warm-up and inverse square root decay; z-score normalization, 0.5-50 Hz band-pass, time stretching and amplitude scaling augmentation","not stated (t-SNE visualization; authors list Grad-CAM, SHAP, Integrated Gradients as future work)",not stated (70% train / 10% validation / 20% test; patient separation not described),"5-class per-class F1: N 99.66%, S 92.84%, F 97.83%, V 84.47%, Q 99.79% (V accuracy 83.95%); 9-class overall accuracy 99.12%, F1 95.36% (class C7 recall 73.58%); ablation: CNN-BERT accuracy 99.281%, F1 95.904% vs BERT alone 99.263%, F1 95.274%; S and F F1 higher than CNN+Bi-LSTM and ECGTransForm, V F1 lower than ECGTransForm (96.69%)","Combining CNN local feature extraction with BERT global context improves balance across classes, especially minority S and F classes; V class remains the weakest, possibly due to fixed CNN receptive fields and BERT emphasizing global context; t-SNE shows more compact clusters than Bi-LSTM and CNN baselines","Weak performance on V class (limited samples, high morphological variability, overlap with other rhythms); limited transparency of decision-making (black box); only MIT-BIH evaluated. [Reviewer note, not stated by authors: abstract/introduction mention validation on multiple public datasets but only MIT-BIH is reported; architecture descriptions are internally inconsistent (4 heads/256-dim vs 12 heads/768-dim; Table 3 lists TCN parameters); conclusion refers to attention-based visualization that is not presented]","Enhanced fusion allocating attention to morphology-sensitive channels or a dedicated V-beat sub-network; clinical priors and specialized augmentation for V beats; class-weighted losses; XAI (Grad-CAM, SHAP, Integrated Gradients) validated against ECG features; lightweight design; cross-database generalization; multimodal physiological signals; privacy-preserving learning","key_results: p.8 (Table 4), p.9 (Tables 5-6), p.10-11 (Table 7); limitations: p.8 (V class discussion), p.11 (V class, Conclusion); split: p.6-7 (Dataset description, Table 2)"
A multi-scale convolutional LSTM-dense network for robust cardiac arrhythmia classification from ECG signals,Kishor Kumar Reddy C.; Advaitha Daduvy; Vijaya Sindhoori Kaza; Mohammed Shuaib; Muhammad Mohzary; Shadab Alam; Abdullah Sheneamer,"Computers in Biology and Medicine, 191 (2025) 110121",2025,original,"MIT-BIH Arrhythmia Database (5 beat classes N, V, A, R, L; initial class counts 75,011 / 8,071 / 7,255 / 2,546 / 7,129); also a Gaussian-noise-augmented version (SNR 5, 10, 20, 30 dB; 400,048 beats)","MS-CLDNet: multi-scale CNN (three parallel Conv1D, 64 filters, kernels 5/7/9) + 4 dense blocks (growth rate 24) + BiLSTM (64 units) + classification head (dense 128, 64, softmax); wavelet denoising (chosen over moving average and median filter), z-score normalization, R-peak beat extraction (360 samples); random oversampling of minority classes and downsampling of class N to 5,000; Adam with exponential learning-rate decay; 5-fold cross-validation, 9 epochs",not stated,"not stated (described as 15,000/5,000/5,000 train/validation/test samples, as a 70/15/15 split, and as 5-fold cross-validation; patient separation not described)","Average 5-fold accuracy 98.22% (SD 0.17%), average loss 0.084; class-wise F1: N 0.9781, V 0.9954, A 0.9867, R 0.9699, L 0.9936; AUC ~1.00 for classes 0-3 and 0.99 for class 4; noise-augmented dataset accuracy 96.26% (class F1 0.930-0.981); imbalanced-data baseline validation accuracy 74.86% with all predictions in class N; wavelet denoising SNR 11.56 dB, RMSE 0.26","Class balancing is essential (without it the model predicts only the majority class); combining multi-scale CNN, dense blocks and BiLSTM with wavelet denoising yields high accuracy and stable cross-validation; model remains accurate under added Gaussian noise; authors report it outperforms listed prior methods","Fluctuating validation loss and signs of overfitting in training curves; DenseNet and LSTM modules add significant computational cost, challenging deployment on resource-constrained devices; performance on datasets with varying noise levels acknowledged as a limitation; need for greater diversity in arrhythmia types; class 3 (R) slightly lower recall/F1 under noise. [Reviewer note, not stated by authors: the split is described three different ways; balanced class counts are shown for the test set, suggesting balancing may have been applied before splitting; the class set (N, V, A, R, L) is not the AAMI scheme; the ethics statement refers to an OASIS brain dataset and a different journal]","Real-time ECG monitoring and clinical evaluation; advanced noise reduction and testing under varying noise/interference; multimodal integration with HRV and blood pressure; pruning, quantization, knowledge distillation and edge deployment; mobile application with decision support; SMOTE and domain-specific augmentation (time warping, noise injection, amplitude scaling)","key_results: p.1 (abstract), p.4 (imbalanced baseline), p.7 (Table 2), p.12-13 (noise-augmented results, Table 3), p.16 (Table 5-6), p.21 (5-fold averages); limitations: p.14-16 (overfitting), p.24 (computational cost, noise), p.25 (future work); split: p.3 (Section 2.2), p.13 (70/15/15), p.11 (5-fold CV); ethics statement: p.25"
"Deep Learning-Based ECG Arrhythmia Detection System: A Comparative Study of CNN, RNN, and LSTM Architectures",Patiyuth Pramkeaw; Warit Leangruttananon; Pimyada Suksomboon; Tawan Tapianthong; Setthawut Kitdanarakorn,"2026 IEEE International Conference on Cybernetics and Innovations (ICCI), DOI 10.1109/ICCI68752.2026.11506504",2026,original,"MIT-BIH Arrhythmia Database (48 records; AAMI classes N, S, V, F, Q)","Comparison of ANN (~30K params), 1D-CNN (~250K), RNN (~85K), LSTM (~120K) and hybrid CNN-LSTM (~450K; 3 Conv1D blocks + 2 LSTM layers + dense); preprocessing: 0.5 Hz high-pass, 50/60 Hz notch, 40 Hz low-pass Butterworth, z-score, Pan-Tompkins R-peak detection, 180-sample beats; SMOTE, time warping, amplitude scaling, Gaussian noise augmentation; inverse-frequency class weights; Adam, ReduceLROnPlateau, early stopping",not stated as a named technique (convolutional feature-map visualization and LSTM attention weights mentioned),"inter-patient (patient-independent record split: 33 training / 7 validation / 8 test recordings, ~70/15/15; plus 5-fold cross-validation with 95% CIs)","Accuracy: ANN 92.3 +/- 1.2%, CNN 96.8 +/- 0.8%, RNN 94.1 +/- 1.5%, LSTM 97.2 +/- 0.7%, CNN-LSTM 98.5 +/- 0.5% (sensitivity 96.8%, specificity 99.1%, precision 97.2%, F1 97.0%); CNN-LSTM class-wise F1: N 99.1%, SVEB 93.3%, VEB 96.6%, F 89.8%, Q 94.7%; Fusion sensitivity 88.1%; CNN-LSTM inference 4.2 ms/beat, 6.8 MB, 22.4 min/epoch training","Hybrid CNN-LSTM outperforms single architectures by combining spatial morphology and temporal dependencies; LSTM better than plain RNN; Fusion beats hardest; SVEB detected conservatively (high specificity, moderate sensitivity); inference speed considered compatible with real-time clinical use","Class imbalance still limits performance on rare but clinically important arrhythmias; single-database evaluation limits judgment of generalization across patient groups and recording conditions; interpretability needs more work; prospective clinical trials needed. [Reviewer note, not stated by authors: the text cites 'Figure 19 (Pages 155-165 of the original document)' and 'Figure 20', which do not exist in this 8-page paper; feature visualizations are not shown]","Cross-database evaluation (PTB-XL, CPSC2018, Chapman-Shaoxing) and domain adaptation; advanced attention (CBAM, self-attention, Transformers); 12-lead analysis; edge deployment via quantization, pruning, knowledge distillation; continuous learning from new data and expert feedback; prospective randomized clinical trials","key_results: p.1 (abstract), p.7 (Tables I-IV); limitations: p.8 (Conclusion); split: p.6 (Section 3.4.1), p.7 (Section 3.4.4); feature visualization claim: p.7"
Hybrid CNN-LSTM model for ECG-based arrhythmia detection in internet of medical things,Yuwei Wang; Shalli Rani,"Discover Internet of Things, (2026) 6:7",2026,original,"MIT-BIH Arrhythmia Database (40 records with lead II and V1; 94,131 beats: N 79,607, S 2,702, V 7,135, F 793, Q 3,894)","Hybrid model: 15-layer 1D-CNN (VGG-inspired, filters 16->32->64, batch norm, ReLU, max pooling) compressing 300-sample beats into a 38-dimensional feature vector, followed by LSTM (32 units in architecture description; 256 found optimal in parameter analysis) with multi-channel attention, fully connected + softmax; detrending and wavelet denoising; sliding-window augmentation of minority S and F classes in training set; deployed on NVIDIA Jetson Nano",not stated,not stated (random beat-level split: 75% development (85/15 train/validation) and 25% test; patient separation not described),"Accuracy 99.20%, sensitivity 94.07%, specificity 98.14%; LSTM on raw 300-sample input 99.16% validation accuracy in 4.5 h vs CNN-LSTM 99.20% in 0.78 h (5.8x faster training, ~7.9x lower LSTM computation); sliding-window augmentation raised S and F sensitivity by 8.57% and 9.38%; confusion matrix: N 19,720 and V 1,683 correct, 54 N beats misclassified as Q; inference 85 ms per beat on Jetson Nano; best LSTM size 256 units and kernel size 7","CNN feature compression preserves accuracy while greatly reducing training time and computation; class balancing via sliding windows improves minority-class sensitivity; S, F and Q remain most frequently confused; model judged real-time feasible for IoMT wearables","Lower recognition of minority S and F classes due to class imbalance; morphological similarity among some arrhythmias causes confusion (S vs N/V, F vs Q); only single-lead/selected records used; further refinements needed for minority classes. [Reviewer note, not stated by authors: LSTM size is given as 32 units in the architecture section but 256 as optimal in the parameter analysis; the combination is described both as 'in series' and as a 'parallel combination'; the reported 99.20% is described as a validation accuracy]","Integrate multi-lead ECG signals (e.g., V1, V5); improve class-balancing strategies and minority class (S, F) classification; refine feature extraction","key_results: p.9 (Table 1, split), p.10-11 (Section 4.3), p.11-12 (Sections 4.4-4.5, Figs. 5-7), p.13 (Table 2), p.14-15 (Sections 4.7-4.8); limitations: p.11-12 (Section 4.5), p.15 (Conclusions); split: p.9"
ECG Signal Classification Using Deep Learning Techniques Based on the PTB-XL Dataset,Sandra Smigiel; Krzysztof Palczynski; Damian Ledzinski,"Entropy (MDPI), 2021, 23, 1121",2021,original,"PTB-XL (12-lead, 10 s, 100 Hz; 17,232 records after filtering; 2 classes NORM vs abnormal, 5 diagnostic superclasses, 20 subclasses)","Three networks compared: (1) lightweight 1D convolutional network (5 Conv1D layers with LeakyReLU + fully connected softmax; 8,882-27,332 weights); (2) SincNet-based network (per-lead SincNet subnetwork + fully connected; ~6.1 M params); (3) convolutional network with residual connections plus per-lead entropy features (Shannon, approximate, sample, permutation, spectral, SVD, Renyi, Tsallis entropies, extropy); cross-entropy, Adam, batch 128, early stopping",not stated,not stated (70% train / 15% validation / 15% test split of records; patient separation not described),"CNN with entropy features: accuracy 0.892 / 0.765 / 0.698 (2 / 5 / 20 classes), F1 0.891 / 0.68 / 0.332, AUC 0.96 / 0.910 / 0.815, ~58,000 params; plain CNN: accuracy 0.882 / 0.72 / 0.589, AUC 0.953 / 0.877 / 0.856, 8,882-27,332 params; SincNet: accuracy 0.858 / 0.73 / 0.593, ~6.1 M params; plain CNN has 200-600x fewer weights than SincNet","Entropy-based features improved classification in all tasks at the cost of 2-7x more weights; the very light CNN gives good accuracy and suits mobile/embedded devices; SincNet (designed for voice, MFCC-initialized) does not cope well with ECG in its original form; NORM class best due to sample size","Overfitting on the training dataset prevented better results; only 100 Hz / 1,000-sample signals used; SincNet not adapted to ECG; simple architecture (Inception-style models may do better); performance drops sharply for 20 classes. [Reviewer note, not stated by authors: the 2-class entropy-network accuracy is reported as both 89.82% and 89.2%; the class descriptions for CD and MI in Table 1 appear swapped; the text states the network 'was trained on the test dataset' following testing]","Add customized features; adapt SincNet to ECG and integrate SincNet layers with the convolutional network; Inception-style heterogeneous subnetworks; multi-rate inputs (500, 100, 50 Hz); deployment on small devices for continuous ECG monitoring","key_results: p.10-11 (Section 3, Tables 3-5); limitations: p.17-18 (Discussion); split: p.1 (abstract), p.4 (Section 2.1); training note: p.6"
Explainable AI decision model for ECG data of cardiac disorders,Atul Anand; Tushar Kadian; Manu Kumar Shetty; Anubha Gupta,"Biomedical Signal Processing and Control, 75 (2022) 103584",2022,original,"PTB-XL (12-lead, 100 Hz, 5 diagnostic superclasses NORM, MI, STTC, CD, HYP, multi-label; 27,826 labels across 10 folds); Chapman University-Shaoxing People's Hospital arrhythmia dataset (10,646 patients, 12-lead, 500 Hz and downsampled 100 Hz; 4 superclasses AFIB, GSVT, SB, SR)","Benchmarked ST-CNN-8, ST-CNN-5, ST-CNN-GAP-5 (proposed: 5 temporal conv layers + 1 spatial layer across leads, two skip connections, global average pooling; 165,061 params), DCT + ST-CNN-GAP-5, bilinear ST-CNN-5, ResNet-18/34/50/101, Attention-56, SENet against resnet1d_wang; sigmoid cross-entropy for multi-label, Adam (lr 0.0005)","SHAP (Gradient Explainer, integrated-gradients based; top 500 SHAP values highlighted per ECG lead), with clinical validation of highlighted waveforms","inter-patient for PTB-XL (recommended patient-separated folds: folds 1-9 train/validation 88/12, fold 10 test); Chapman dataset: not stated (70/10/20 split; authors note test subjects may differ from prior work)","PTB-XL test (ST-CNN-GAP-5): macro AUC 93.41% (vs prior state-of-the-art 93.00%), accuracy 89.73%, macro AUPRC 83.39%, micro F1 79.28%; bilinear ST-CNN-5 AUC 93.22% (concatenate) and 93.20% (outer product); ST-CNN-8 92.21%; DCT variants lowest (~86.4-87.0%); Chapman dataset: accuracy 95.85% / 96.22%, macro AUC 99.46% / 99.54%, macro F1 95.39% / 95.79% at 500 Hz / 100 Hz","Spatio-temporal CNN with skip connections and GAP outperforms larger ResNet/attention models with far fewer parameters, reducing overfitting; model generalizes to a second dataset; 100 Hz sampling performs slightly better than 500 Hz; SHAP highlights clinically recognized features (slurred S wave and M wave for RBBB, rS complex for LAFB, prominent Q waves for inferior/anteroseptal MI, Sokolow-Lyon and R-I + S-III voltage criteria for LVH)","not stated explicitly as a limitations section. Stated issues: generalization of DL models across datasets remains a challenge; train/test subjects on the Chapman dataset may differ from those of compared studies, limiting direct comparison; DCT inputs performed poorly; t-SNE shows raw samples mixed across classes",not stated (authors suggest integration with existing ECG machines and deployment in primary/secondary healthcare centres),"key_results: p.1 (abstract), p.7 (Table 6), p.9-10 (Sections 3.1-3.2, Table 7); XAI: p.8 (Section 2.4), p.10-14 (Figs. 11-19, Discussion); split: p.4 (Section 2.1, Table 4), p.8 (Section 3); limitations-related statements: p.4, p.10"
A novel XAI framework for explainable AI-ECG using generative counterfactual XAI (GCX),Jong-Hwan Jang; Yong-Yeon Jo; Sora Kang; Jeong Min Son; Hak Seung Lee; Joon-myoung Kwon; Min Sung Lee,"Scientific Reports, 15:23608 (2025)",2025,original,"PTB-XL (18,869 patients, 21,799 ECGs; 1,514 AF); MIMIC-IV ECG (104,804 patients, 238,262 ECGs with potassium levels; 16,964 hypokalemic, 14,101 hyperkalemic)","Generative Counterfactual XAI (GCX) framework: StyleGAN2-based generation of positive and negative counterfactual ECGs that raise or lower a model's prediction, followed by ECG feature extraction and paired t-tests; applied to eight ResNet AI-ECG models (regression of lead II P, R, T amplitudes, PR interval, RR interval, RR SD; serum potassium regression; AF classification); compared with saliency maps",Generative counterfactual explanations (GCX) with progressive counterfactual plots; saliency maps for comparison,"not stated (AI-ECG model development details deferred to Supplementary Text 1-3, not in main text)","No classification accuracy reported in main text (study validates explanations); positive/negative CF ECGs produced the intended increases/decreases in P, R, T amplitudes, PR interval, RR interval and RR SD; potassium model: positive CFs showed increased T amplitude, prolonged PR interval, QRS widening (hyperkalemia), negative CFs showed decreased T amplitude, increased P amplitude, reduced PS slope/ST depression, U waves (hypokalemia); AF model: positive CFs showed P wave absence and irregular rhythm; all listed feature changes statistically significant in paired t-tests (p < 0.05); example report: actual K 6.59 mmol/L, predicted 6.24 mmol/L","GCX explains how specific morphological and rhythm changes drive AI-ECG predictions, consistent with clinical knowledge of potassium imbalance and AF; unlike saliency maps (which only highlight the T wave or P wave), GCX captures rhythm irregularity and beat-to-beat variability; could aid clinician interpretation and discovery of novel ECG signatures (e.g., heart failure, aortic stenosis)","CF ECGs may not reflect clinically accurate patterns if the underlying model is biased or learned artifacts; GCX may generate physiologically implausible ECGs because no biological constraints are enforced; proprietary ECG feature extraction algorithm limits full reproducibility; some hyperkalemia changes (conduction disturbances, bradyarrhythmia) not observed; GCX inherently gives single-instance explanations (addressed by population-level framework)",Integrate physiological priors/rules into the generative process; apply GCX to a broader range of clinical tasks and AI-ECG models; evaluate across diverse populations and ECG datasets to improve generalizability,"key_results: p.3-4 (Results, Table 1), p.5-7 (Figs. 2-4), p.9 (Fig. 5); limitations: p.8 (Discussion); methods: p.2-3; split: p.3 (refers to Supplementary Text 1-3)"
ECG Classification on PTB-XL: A Data-Centric Approach with Simplified CNN-VAE,Naqcho Ali Mehdi; Aamir Ali Drigh,arXiv preprint arXiv:2603.07558v1 [cs.LG],2026,original,"PTB-XL (12-lead, 100 Hz, 10 s; 5 diagnostic superclasses CD, HYP, MI, NORM, STTC, multi-label)","Simplified CNN-VAE: 3 Conv1D blocks (64/128/256 filters, kernels 5/5/3, batch norm, max pooling, dropout) + GAP, VAE-style z_mean/z_log_var (32-dim, z_mean used directly), dense 256/128 + 5 sigmoid outputs; 197,093 parameters; lead-wise z-score using training statistics; targeted balancing (HYP oversampled to 4,000, NORM downsampled to 4,000); inverse-frequency sample weights with extra 1.5x for HYP; binary cross-entropy, Adam, early stopping",not stated,"not stated (PTB-XL strat_fold column: folds 1-9 training, fold 10 test; 20% validation split from the balanced training set; patient separation not described)","Test binary accuracy 87.01%, weighted F1 0.745, precision 0.7354, recall 0.7640, AUC 0.8958, Hamming loss 0.1299, subset accuracy 0.5874; per-class F1: NORM 0.849 (recall 91%), STTC 0.735, CD 0.713, MI 0.703, HYP 0.537 (recall 50.2%, 131 of 263 missed); model size 769.89 KB, ~10 ms/sample inference; compared with ResNet-50 at 82.3%","Careful preprocessing and class balancing with a small model achieve competitive multi-label performance, supporting data-centric ML over architectural complexity; NORM detection strong (useful for rule-out screening); hypertrophy remains difficult due to subtle ECG changes, feature overlap, oversampling artifacts and possible label uncertainty","Uses PTB-XL exclusively, generalization to other databases unexplored; no ensembles or extensive cross-validation; latent representations not visualized or interpreted; 1D convolutions use only local receptive fields; poor HYP sensitivity; regulatory use would need prospective validation, cardiologist comparison and robustness testing. [Reviewer note, not stated by authors: training is reported to run 69 epochs although maximum epochs is given as 50; the validation set is taken from the already oversampled training set]","SMOTE or advanced resampling; focal loss; domain-specific features (QRS voltage, waveform patterns); ensembles with other biomarkers; attention visualization, latent t-SNE, SHAP/LIME explanations; testing on CPSC2018, Georgia and other datasets for domain shift; recurrent/attention layers for long-range patterns; multimodal fusion with clinical data","key_results: p.1 (abstract), p.3 (Tables 1-2), p.4 (Table 3), p.5 (Table 4, Discussion); limitations: p.5 (Discussion), p.6 (Conclusion); split/balancing: p.2 (Section 3.3); training epochs: p.3-5"
Adaptive Predictive Control-Based Noise Cancellation With Deep Learning for Arrhythmia Classification from ECG Signals,Rajesh S. Pashikanti; Amita Anirudhe Shinde; C. Y. Patil,"2022 International Conference on Intelligent Innovations in Engineering and Technology (ICIIET), IEEE, DOI 10.1109/ICIIET55458.2022.9967602",2022,original,MIT-BIH Arrhythmia Database combined with MIT-BIH Normal Sinus Rhythm Database (normal vs arrhythmia signals),"Adaptive predictive noise control with adaptive Least Mean Square (LMS) filter for noise cancellation; features: wavelet-based wave component detection (8-level decomposition for R, Q, S, T, P), wave features (PP, PR, RR, QT intervals, R peak), statistical features (kurtosis, eccentricity), Empirical Mode Decomposition; classification with Deep Maxout Network (DMN); compared with SIFT+CNN, DRN+LSTM, CNN+LSTM; implemented in MATLAB",not stated,not stated (performance reported for varying training-data percentages 50-90% and K-fold values 6-10; patient separation not described),"Best DMN (90% training data): accuracy 92.1%, sensitivity 92.6%, specificity 91.9%; at 50% training data accuracy 0.745; K-fold (K=10): accuracy 0.899, sensitivity 0.937, specificity 0.917; comparators at 90% training: SIFT+CNN 0.855, DRN+LSTM 0.872, CNN+LSTM 0.887 accuracy","LMS-based adaptive noise cancellation combined with handcrafted wave, statistical and EMD features and a Deep Maxout Network outperforms the compared CNN/LSTM-based methods on all reported metrics","not stated explicitly (only future feasibility testing on other datasets is mentioned). [Reviewer note, not stated by authors: the comparative discussion reports DMN maximum specificity as 0.926 while Table I and the abstract give 0.919; class definitions and split sizes are not described]",Check feasibility of the proposed model with other datasets,"key_results: p.1 (abstract), p.6-7 (Section IV.F, Figs. 7-12, Table I), p.8 (Conclusion); dataset: p.5 (Section IV.B); limitations/future work: p.8. PDF page numbers (printed pages 25-32)"
Arrhythmia Classification Using Noise Filtering and 1D CNN,K Mallikarjunamallu; Syed Khasim,"Traitement du Signal, Vol. 41, No. 4, August 2024, pp. 1847-1859",2024,original,"MIT-BIH Arrhythmia Database (modified limb lead II; 27,789 beats: N 8,965, S 2,779, V 7,236, F 803, Q 8,006)","Three-step pipeline: (1) add Gaussian noise to MIT-BIH ECG to improve robustness, (2) notch filter (second-order IIR/band-stop around 50/60 Hz power line) to remove noise, (3) 1D-CNN (input 187x1; Conv1D 32/64/128 filters with ReLU, max pooling, dropout, dense 512/1024/5); categorical cross-entropy, Adam, early stopping",not stated,not stated (dataset splitting mentioned as a stage but ratio and patient separation not described),"Overall accuracy 99% (training 99%, validation 98.6%; training loss 0.03, validation loss 0.05); per-class F1: N 0.99, S 0.86, V 0.96, F 0.80, Q 0.99; recall: N 1.00, S 0.80, V 0.96, F 0.68, Q 0.99; specificity: N 0.706, S 0.910, V 0.932, F 0.926, Q 0.408; reported 1% error rate; claimed best among listed MIT-BIH methods (68.76-98.33%)",Adding Gaussian noise then notch filtering before a 1D-CNN improves arrhythmia classification robustness and accuracy; fusion and supraventricular classes remain weakest; authors report statistically significant (t-test) error-rate improvements over prior work,"Validation efforts still needed to guarantee clinical acceptance; testing of other designs and approaches advised to address potential constraints. [Reviewer note, not stated by authors: the 'Gaussian noise' simulation algorithm actually adds a 50 Hz sinusoid to a synthetic 1 Hz sine wave; the notch filter algorithm gives identical numerator and denominator coefficients; the N class count (8,965) is far below the MIT-BIH total without explanation; reported specificities (N 0.706, Q 0.408) are inconsistent with 99% accuracy]",Expand the network and test feature learning on various ECG datasets; add physiological signals such as PPG; test different designs and approaches; clinical validation,"key_results: p.1 (abstract), p.9 (Table 3, Figs. 9-12), p.10 (Table 4, Section 5.3); limitations: p.10 (Conclusions); methods/dataset: p.4-8 (Sections 3-4, Table 2). PDF page numbers (printed pp. 1847-1859)"
Cardiac arrhythmia classification with rejection of ECG recordings based on uncertainty estimation from deep neural networks,Wenrui Zhang; Xinxin Di; Guodong Wei; Shijia Geng; Zhaoji Fu; Shenda Hong,"Neural Computing and Applications, (2024) 36:4047-4058",2024,original,"2018 China Physiological Signal Challenge (CPSC) training set: 6,877 12-lead recordings (6-60 s, 500 Hz) from 11 hospitals; 9 classes (Normal, AF, AVBI, LBBB, RBBB, PAC, PVC, STD, STE); cut into 10 s segments with 4 s stride","61-layer 1D CNN (7 stages of residual bottleneck blocks with grouped convolution kernel 16, SE attention, batch norm, Swish, dropout, global average pooling); Monte Carlo dropout (50 forward passes) to estimate total, data (aleatoric) and model (epistemic) uncertainty via predictive entropy; prediction with rejection when uncertainty exceeds a threshold; trained with cross-entropy then fine-tuned with ordinal loss; Adam",not stated as XAI (uncertainty estimation via Monte Carlo dropout; cardiologist case studies of high/low-uncertainty errors),inter-patient (80% training / 10% validation / 10% test split by subjects),"Macro F1 without rejection 0.6635 (AVBI best 0.8878, STE worst 0.4103); with rejection threshold 0.400 (45.28% accepted) macro F1 0.8688 (+0.2053); F1 on accepted predictions improves 1.3-30.9% as acceptance ratio falls from 97.3% to 45.3%; FPR on accepted predictions 2.3% vs 23.3% without rejection; model and data uncertainty strongly correlated (Pearson 0.7857, p = 4.80e-245); correctly classified samples have significantly lower uncertainty (Welch's t-test p < 0.1 for all but PAC model uncertainty)","Correct predictions tend to have smaller uncertainty; rejecting high-uncertainty predictions improves precision for every class; model uncertainty is lower than data uncertainty for all test samples; per cardiologist review, high data uncertainty is mainly caused by noise (large interference, baseline drift), while confident errors are mostly due to label disagreement or mixed/incomplete labels; thresholds could be set according to disease danger level","Method works only for models with dropout; multiple sampling at inference increases computational complexity; unclear how to set rejection thresholds for unseen samples (high thresholds give no rejection, low thresholds cause undesired silence)",More general uncertainty quantification such as deep ensembles (also for models without dropout); distributed/parallel computing to reduce cost; diffusion models; deep learning on other physiological signals,"key_results: p.1 (abstract), p.5-7 (Sections 3.1-3.2, Table 2, Figs. 5-7); case studies: p.7-9; limitations: p.10 (Discussion); split: p.4 (Section 2.5). PDF page numbers (printed pp. 4047-4058)"
Uncertainty-Aware Multi-view Arrhythmia Classification from ECG,Mohd Ashhad; Sana Rahmani; Mohammed Fayiz; Ali Etemad; Javad Hashemi,arXiv preprint arXiv:2506.06342v1 [eess.SP] (states 'Published as a conference paper at IJCNN 2024'),2025,original,"MIT-BIH Arrhythmia Database (lead II; AAMI N, S, V, F, Q); St Petersburg INCART (lead II; 3 classes N, S, V); MIT-BIH Noise Stress Test Database (BW, MA, EM noise) for robustness tests","UAMAC: BiLSTM time-series module on raw beats + Vision Transformer (ViT-base, 16x16 patches) on 2D Gramian Angular Field (GAF) images; uncertainty-aware fusion of the two views' softmax outputs using Dempster-Shafer Theory (Dempster's rule of combination on evidence and conflict); SMOTE on training split only; Adam, 30 epochs, early stopping",not stated,not stated (80/20 train/test split of beats with SMOTE applied to the training split only; patient separation not described),"MIT-BIH: accuracy 98.8%, precision 95.6%, recall 93.4% (vs Ahmad et al. 98.6%); INCART: accuracy 99.5%, precision 96.3%, recall 98.0% (vs Wu et al. 98.1%); single views: BiLSTM 98.6% / 99.2%, ViT 98.5% / 99.2% (MIT-BIH / INCART); UAMAC more robust than score-level and feature-level fusion under AWGN and NSTDB baseline wander, muscle artifact and electrode motion noise from 15 to 0 dB SNR",Combining 1D morphological and 2D GAF spatiotemporal views improves performance over either view alone; Dempster-Shafer uncertainty-aware fusion handles conflicts between views caused by noise and artifacts better than conventional fusion; BiLSTM and ViT were the best per-view backbones,"not stated explicitly. Stated constraints: INCART had little to no F and Q beats, so only three classes were used; negative-dB SNR not tested because waveforms become completely convoluted","Extend to other kinds of uncertainty, such as those arising from missing data","key_results: p.3 (Table I), p.4 (Tables II-III, Section IV.C), p.5 (Fig. 3, Section IV.E); limitations-related statements: p.4 (INCART classes), p.5 (SNR range); split: p.3 (Section IV.B); future work: p.5-6"
A proposed deep learning model for multichannel ECG noise reduction,Jay Prakash Maurya; Manish Manoria; Sunil Joshi,"Discover Artificial Intelligence (2025) 5:65, https://doi.org/10.1007/s44163-025-00292-y",2025,original,"PhysioNet QT Database (two-lead 15-minute recordings; stated as 100 recordings, 360 Hz) as clean signals; MIT-BIH Noise Stress Test Database (NSTDB) baseline wander, muscle artifact and electrode motion noise; 72,002 training and 13,316 test samples of 512 points; test data in 6 label categories","Fully convolutional denoising autoencoder (FCN-DAE): encoder of 6 dilated convolutional layers with batch normalization (and max pooling), decoder of 7 transposed-convolution layers, skip connections; loss = MSE reconstruction loss + lambda * Jacobian regularization (Frobenius norm); compared with a DRNN (LSTM-based) and with LSTM encoder, stacked autoencoder, attention mechanism and transformer encoder baselines; implemented in Google Colab",not stated,"not stated (72,002 training / 13,316 test samples; patient separation not described)","Abstract: SSD 4.763 x 10^-2 mV^2, MAD 0.288 mV, RMSE 1.859, noise removed up to 97.02%; Table 3 max (min): proposed with Jacobian SSD 7.038 (4.03) x10^-2, MAD 0.426 (0.248), RMSE 1.678 (1.112); without Jacobian SSD 7.252 (4.736), MAD 0.429 (0.288), RMSE 1.859 (1.131); DRNN SSD 12.630 (11.486), MAD 0.689 (0.384), RMSE 3.047 (1.483); transformer encoder SSD 9.56 (9.2), RMSE 1.956 (1.889); Table 5 (mixed noise) Jacobian improvement: SSD 14.89%, MAD 13.88%, RMSE 15.38%; Table 6 SNR improvement on 6 records: FCN-DAE 9.5-10.6 dB vs DRNN 6.3-7.4 dB (e.g. sel0357 5.2 -> 15.8 dB); Table 7 test accuracy: Jacobian 97.02 +/- 0.1 vs no regularization 95.6, L2 96.9, dropout 96.9; ||J||F 1.1 vs 32.9","FCN-DAE with Jacobian regularization reduces SSD, MAD and RMSE more than the DRNN and other listed autoencoder baselines and better preserves P, QRS and T morphology (visual comparison on 6 QT records); Jacobian regularization lowers the Jacobian norm while keeping test accuracy, which the authors present as improved robustness and stability","Jacobian regularization requires a significant amount of computation; many other ECG-denoising models still need validation on the same performance parameters; diagnostic/classification validation on denoised signals not yet done. [Reviewer note, not stated by authors: abstract SSD (4.763) and MAD (0.288) match the 'without Jacobian' minima in Table 3, not the with-Jacobian model; text gives with-Jacobian RMSE as 0.1112 while Table 3 gives 1.112; Table 5 RMSE (0.013/0.011) does not match Table 3; test count given as both 13,316 and 13,362; SSD defined as 'signal space diversity' in the abstract and 'sum of squared difference' in the text; the 97.02% 'accuracy' for a denoising task is not defined; data availability statement says no datasets were analysed despite using public datasets]",Lightweight denoising models for portable wearable devices; classification of heart diseases using denoised signals and integrating diagnostic tasks into the evaluation pipeline; validation of other ECG-denoising models; new fine-tuning/optimization methods for autoencoders according to noise type,"key_results: p.1 (abstract), p.11 (Table 3, Results text), p.12 (Fig. 7), p.13 (Tables 5-7); limitations: p.13 (future diagnostic validation), p.14 (Discussion: computation, other models); dataset/split: p.7 (Section 2.3); method: p.5-9 (Sections 2-2.4, Eqs. 1-4)"
MSCA-TNet based deep learning method for ECG arrhythmia classification,Songjian Huang; Senpeng Chen; Zihao Guo; Kaiming Ji; Miao Zhang,"Scientific Reports (2026) 16:28152, https://doi.org/10.1038/s41598-026-58850-y",2026,original,"MIT-BIH Arrhythmia Database (48 recordings, 47 subjects, 360 Hz; 5 AAMI classes N, S, V, F, Q); St Petersburg INCART 12-lead Arrhythmia Database (75 recordings from 32 patients, 257 Hz) for cross-database validation (2 classes N and A)","MSCA-TNet: db5 DWT denoising (5 levels, soft thresholding), 180-sample beat segmentation, amplitude normalization; multi-scale convolution (parallel 3/5/7/9 kernels); Adaptive Channel Attention (ACA) fusing identity, learned attention and trainable parameter matrices; dual-input contextual Transformer (original + flipped feature sequence, multi-head attention); Softmax classifier; SMOTE-Tomek on the training set only (S and F oversampled to 50,000 each); Adam lr 0.001, weight decay 1e-4, up to 60 epochs, early stopping patience 15, batch 128, dropout 0.2; PyTorch, RTX 4090; code open-sourced (Zenodo)",not stated,"not stated (random 65% / 15% / 20% train / validation / test split of the dataset, with resampling restricted to the training set; patient separation not described)","MIT-BIH: overall accuracy 98.88%, macro-F1 93.97%; per-class F1: N 99.40, S 89.67, V 97.47, F 83.99, Q 99.29 (precision/recall S 86.25/93.38, F 76.19/93.57); INCART (N vs A): accuracy 99.47%, macro-F1 98.79% (precision N 99.62, A 98.43; recall N 99.78, A 97.34); ablation (mean of 5 runs): removing multi-scale conv -1.56% ACC / -4.31% macro-F1, removing ACA -1.82% / -3.32%, removing Transformer -2.24% / -4.74%, removing SMOTE-Tomek -1.55% / -6.08% (S-F1 -10.69%, F-F1 -8.98%); replacing Transformer with BiLSTM ACC 96.48%, macro-F1 90.23%; compared models in Table 3 ACC 89.40-98.78%","Each module (multi-scale convolution, ACA, dual-input Transformer, SMOTE-Tomek) contributes to performance, with SMOTE-Tomek most important for minority classes S and F; Transformer outperforms BiLSTM for long-range rhythm dependencies; authors note that comparisons with published results are not strictly fair due to different data partitioning, preprocessing and balancing, so internal ablations are used; stable performance on two datasets is presented as evidence of generalization","Validated only on standard MIT-BIH and INCART databases; performance on real-world wearable ECG with severe motion artifacts and individual differences not verified; classification of minority classes S and F remains insufficient even with SMOTE-Tomek. [Reviewer note, not stated by authors: the abstract calls 93.97% and 98.79% 'macro-average accuracies' but the results tables report them as macro-F1; INCART is evaluated only as a 2-class (N vs A) task and its split is not described; Table 3 lists this work's year as 2025]",GAN-generated high-fidelity synthetic class F samples and manual verification of original annotations; a fine-grained feature extraction branch for class F after the ACA module plus contrastive learning; fusion of multi-lead ECG information to improve P-wave distinguishability for class S; deployment in wearable monitoring devices,"key_results: p.1 (abstract), p.7 (Table 2, Fig. 6), p.8 (Tables 3-4, ablation text), p.9 (Table 5, INCART); limitations: p.11 (Conclusion); also p.7 (S/F performance needs improvement); split/resampling: p.3-4 (Pre-processing); hyperparameters: p.6"
ECGformer: Leveraging transformer for ECG heartbeat arrhythmia classification,Taymaz Akan; Sait Alp; Mohammad Alfrad Nobel Bhuiyan,arXiv preprint arXiv:2401.05434v1 (IEEE conference template; venue not stated),2024,original,"MIT-BIH Arrhythmia Database and PTB Diagnostic ECG Database as pre-processed by Kachuee et al. (arXiv 1805.00794, Kaggle); beats fixed to 188 samples at 125 Hz; MIT-BIH 5 AAMI classes (N, S, V, F, Q), 109,446 samples, 87,554 train / 21,892 test","ECGformer: encoder-only Transformer on ECG beat patches (linear patch embeddings as tokens); 4 encoder layers, 8 heads, head size 16, MLP units [128, 64], dropout 0.15, input 1 x 177, 36,301 parameters; z-score normalization; Adam lr 1e-4, batch 32, 100 epochs, sparse categorical cross-entropy, softmax; best checkpoint on validation loss",not stated,"not stated (uses the fixed Kachuee/Kaggle train/test split of beats, 87,554 / 21,892; patient separation not described)","MIT-BIH test (Table IV): accuracy 0.98; macro precision 0.95, recall 0.80, F1 0.86; weighted precision 0.98, recall 0.98, F1 0.97; per-class F1 N 0.99, S 0.73, V 0.93, F 0.66, Q 0.98; recall N 1, S 0.58, V 0.92, F 0.54, Q 0.97; comparison (Table V): Deep residual CNN 93.4%, Augmentation-CNN 94.03%, CNN-LSTM 94.2%",A plain encoder-only Transformer with few parameters reaches high overall accuracy on the Kachuee MIT-BIH beats; minority classes S and F have much lower recall than N; authors note accuracy can be misleading on imbalanced data and prefer F1,"not stated (no limitations section). [Reviewer note, not stated by authors: text gives S recall 0.54 while Table IV gives 0.58; text says 97% in the comparison discussion while Table V and Conclusion say 98%; PTB is named as an evaluation dataset but no PTB results are reported; input dimension 1 x 177 vs fixed beat length 188 not explained; split is beat-level so patient overlap is likely]",not stated,"key_results: p.4 (Table IV, text), p.5 (Table V, Conclusion); dataset/split: p.3 (Section III, Table I), p.5 (Acknowledgment); method: p.2-3 (Section II, Tables II-III)"
